[{"weekday":{"en":"Mon","cn":"\u661f\u671f\u4e00","ja":"\u6708\u8000\u65e5","id":1},"items":[{"id":363957,"url":"http:\/\/bgm.tv\/subject\/363957","type":2,"name":"Summer Pockets","name_cn":"\u590f\u65e5\u53e3\u888b","summary":"","air_date":"2025-04-07","air_weekday":1,"rating":{"total":3145,"count":{"10":210,"9":219,"8":978,"7":1122,"6":429,"5":119,"4":30,"3":10,"2":4,"1":24},"score":7.3},"rank":1278,"images":{"large":"http:\/\/lain.bgm.tv\/pic\/cover\/l\/23\/ce\/363957_pgptl.jpg","common":"http:\/\/lain.bgm.tv\/pic\/cover\/c\/23\/ce\/363957_pgptl.jpg","medium":"http:\/\/lain.bgm.tv\/pic\/cover\/m\/23\/ce\/363957_pgptl.jpg","small":"http:\/\/lain.bgm.tv\/pic\/cover\/s\/23\/ce\/363957_pgptl.jpg","grid":"http:\/\/lain.bgm.tv\/pic\/cover\/g\/23\/ce\/363957_pgptl.jpg"},"collection":{"doing":11238}},{"id":409682,"url":"http:\/\/bgm.tv\/subject\/409682","type":2,"name":"#\u30b3\u30f3\u30d1\u30b92.0 \u6226\u95d8\u6442\u7406\u89e3\u6790\u30b7\u30b9\u30c6\u30e0","name_cn":"#COMPASS2.0 \u6218\u6597\u5929\u8d4b\u89e3\u6790\u7cfb\u7edf","summary":"","air_date":"2025-04-07","air_weekday":1,"rating":{"total":62,"count":{"10":1,"9":2,"8":2,"7":4,"6":10,"5":20,"4":14,"3":4,"2":2,"1":3},"score":5},"rank":7697,"images":{"large":"http:\/\/lain.bgm.tv\/pic\/cover\/l\/06\/72\/409682_B91KC.jpg","common":"http:\/\/lain.bgm.tv\/pic\/cover\/c\/06\/72\/409682_B91KC.jpg","medium":"http:\/\/lain.bgm.tv\/pic\/cover\/m\/06\/72\/409682_B91KC.jpg","small":"http:\/\/lain.bgm.tv\/pic\/cover\/s\/06\/72\/409682_B91KC.jpg","grid":"http:\/\/lain.bgm.tv\/pic\/cover\/g\/06\/72\/409682_B91KC.jpg"},"collection":{"doing":121}},{"id":437593,"url":"http:\/\/bgm.tv\/subject\/437593","type":2,"name":"\u3056\u3064\u65c5-That's Journey-","name_cn":"\u968f\u5174\u65c5-That's Journey-","summary":"","air_date":"2025-04-07","air_weekday":1,"rating":{"total":1141,"count":{"10":10,"9":9,"8":76,"7":369,"6":479,"5":159,"4":28,"3":7,"2":1,"1":3},"score":6.3},"rank":6107,"images":{"large":"http:\/\/lain.bgm.tv\/pic\/cover\/l\/e0\/10\/437593_jrDd8.jpg","common":"http:\/\/lain.bgm.tv\/pic\/cover\/c\/e0\/10\/437593_jrDd8.jpg","medium":"http:\/\/lain.bgm.tv\/pic\/cover\/m\/e0\/10\/437593_jrDd8.jpg","small":"http:\/\/lain.bgm.tv\/pic\/cover\/s\/e0\/10\/437593_jrDd8.jpg","grid":"http:\/\/lain.bgm.tv\/pic\/cover\/g\/e0\/10\/437593_jrDd8.jpg"},"collection":{"doing":3780}},{"id":456175,"url":"http:\/\/bgm.tv\/subject\/456175","type":2,"name":"\u5c0f\u4ed9\u4e4b\u7476","name_cn":"","summary":"","air_date":"2025-04-21","air_weekday":1,"images":{"large":"http:\/\/lain.bgm.tv\/pic\/cover\/l\/42\/14\/456175_Cf8kx.jpg","common":"http:\/\/lain.bgm.tv\/pic\/cover\/c\/42\/14\/456175_Cf8kx.jpg","medium":"http:\/\/lain.bgm.tv\/pic\/cover\/m\/42\/14\/456175_Cf8kx.jpg","small":"http:\/\/lain.bgm.tv\/pic\/cover\/s\/42\/14\/456175_Cf8kx.jpg","grid":"http:\/\/lain.bgm.tv\/pic\/cover\/g\/42\/14\/456175_Cf8kx.jpg"},"collection":{"doing":6}},{"id":506922,"url":"http:\/\/bgm.tv\/subject\/506922","type":2,"name":"\u963f\u6ce2\u9023\u3055\u3093\u306f\u306f\u304b\u308c\u306a\u3044 season2","name_cn":"\u6d4b\u4e0d\u51c6\u7684\u963f\u6ce2\u8fde\u540c\u5b66 \u7b2c\u4e8c\u5b63","summary":"","air_date":"2025-04-07","air_weekday":1,"rating":{"total":520,"count":{"10":7,"9":6,"8":43,"7":226,"6":180,"5":44,"4":10,"3":2,"2":1,"1":1},"score":6.5},"rank":4672,"images":{"large":"http:\/\/lain.bgm.tv\/pic\/cover\/l\/ed\/2b\/506922_8sn3u.jpg","common":"http:\/\/lain.bgm.tv\/pic\/cover\/c\/ed\/2b\/506922_8sn3u.jpg","medium":"http:\/\/lain.bgm.tv\/pic\/cover\/m\/ed\/2b\/506922_8sn3u.jpg","small":"http:\/\/lain.bgm.tv\/pic\/cover\/s\/ed\/2b\/506922_8sn3u.jpg","grid":"http:\/\/lain.bgm.tv\/pic\/cover\/g\/ed\/2b\/506922_8sn3u.jpg"},"collection":{"doing":2253}},{"id":516227,"url":"http:\/\/bgm.tv\/subject\/516227","type":2,"name":"\u4e2d\u7985\u5bfa\u5148\u751f\u7269\u602a\u8b1b\u7fa9\u9332 \u5148\u751f\u304c\u8b0e\u3092\u89e3\u3044\u3066\u3057\u307e\u3046\u304b\u3089\u3002","name_cn":"\u4e2d\u7985\u5bfa\u8001\u5e08\u7684\u7075\u602a\u8bb2\u4e49\u5b9e\u5f55 \u8001\u5e08\u4f1a\u628a\u8c1c\u9898\u5168\u90fd\u89e3\u5f00\u7684\u3002","summary":"","air_date":"2025-04-07","air_weekday":1,"rating":{"total":236,"count":{"10":0,"9":2,"8":1,"7":24,"6":101,"5":69,"4":27,"3":7,"2":3,"1":2},"score":5.4},"rank":8213,"images":{"large":"http:\/\/lain.bgm.tv\/pic\/cover\/l\/65\/ae\/516227_70Dic.jpg","common":"http:\/\/lain.bgm.tv\/pic\/cover\/c\/65\/ae\/516227_70Dic.jpg","medium":"http:\/\/lain.bgm.tv\/pic\/cover\/m\/65\/ae\/516227_70Dic.jpg","small":"http:\/\/lain.bgm.tv\/pic\/cover\/s\/65\/ae\/516227_70Dic.jpg","grid":"http:\/\/lain.bgm.tv\/pic\/cover\/g\/65\/ae\/516227_70Dic.jpg"},"collection":{"doing":719}},{"id":529751,"url":"http:\/\/bgm.tv\/subject\/529751","type":2,"name":"Yu-Gi-Oh! CARD GAME THE CHRONICLES","name_cn":"\u6e38\u620f\u738b \u5361\u56fe\u6545\u4e8b\u7f16\u5e74\u53f2","summary":"","air_date":"2025-04-21","air_weekday":1,"rating":{"total":117,"count":{"10":3,"9":1,"8":1,"7":1,"6":9,"5":24,"4":37,"3":20,"2":7,"1":14},"score":4},"rank":9090,"images":{"large":"http:\/\/lain.bgm.tv\/pic\/cover\/l\/80\/93\/529751_vWv5t.jpg","common":"http:\/\/lain.bgm.tv\/pic\/cover\/c\/80\/93\/529751_vWv5t.jpg","medium":"http:\/\/lain.bgm.tv\/pic\/cover\/m\/80\/93\/529751_vWv5t.jpg","small":"http:\/\/lain.bgm.tv\/pic\/cover\/s\/80\/93\/529751_vWv5t.jpg","grid":"http:\/\/lain.bgm.tv\/pic\/cover\/g\/80\/93\/529751_vWv5t.jpg"},"collection":{"doing":262}},{"id":529995,"url":"http:\/\/bgm.tv\/subject\/529995","type":2,"name":"\u30f4\u30a3\u30b8\u30e9\u30f3\u30c6 -\u50d5\u306e\u30d2\u30fc\u30ed\u30fc\u30a2\u30ab\u30c7\u30df\u30a2 ILLEGALS-","name_cn":"\u6b63\u4e49\u4f7f\u8005 -\u6211\u7684\u82f1\u96c4\u5b66\u9662\u4e4b\u975e\u6cd5\u82f1\u96c4-","summary":"","air_date":"2025-04-07","air_weekday":1,"rating":{"total":70,"count":{"10":3,"9":3,"8":3,"7":13,"6":16,"5":5,"4":5,"3":3,"2":4,"1":15},"score":4.9},"rank":7948,"images":{"large":"http:\/\/lain.bgm.tv\/pic\/cover\/l\/ac\/20\/529995_aR8M0.jpg","common":"http:\/\/lain.bgm.tv\/pic\/cover\/c\/ac\/20\/529995_aR8M0.jpg","medium":"http:\/\/lain.bgm.tv\/pic\/cover\/m\/ac\/20\/529995_aR8M0.jpg","small":"http:\/\/lain.bgm.tv\/pic\/cover\/s\/ac\/20\/529995_aR8M0.jpg","grid":"http:\/\/lain.bgm.tv\/pic\/cover\/g\/ac\/20\/529995_aR8M0.jpg"},"collection":{"doing":173}},{"id":558831,"url":"http:\/\/bgm.tv\/subject\/558831","type":2,"name":"\u3064\u308c\u3065\u308c\u30dd\u30d4\u30d1","name_cn":"\u5f92\u7136POPIPA","summary":"","air_date":"2025-04-28","air_weekday":1,"rating":{"total":10,"count":{"10":1,"9":0,"8":0,"7":2,"6":5,"5":0,"4":1,"3":1,"2":0,"1":0},"score":6.1},"images":{"large":"http:\/\/lain.bgm.tv\/pic\/cover\/l\/90\/ad\/558831_2Mzje.jpg","common":"http:\/\/lain.bgm.tv\/pic\/cover\/c\/90\/ad\/558831_2Mzje.jpg","medium":"http:\/\/lain.bgm.tv\/pic\/cover\/m\/90\/ad\/558831_2Mzje.jpg","small":"http:\/\/lain.bgm.tv\/pic\/cover\/s\/90\/ad\/558831_2Mzje.jpg","grid":"http:\/\/lain.bgm.tv\/pic\/cover\/g\/90\/ad\/558831_2Mzje.jpg"},"collection":{"doing":17}}]},{"weekday":{"en":"Tue","cn":"\u661f\u671f\u4e8c","ja":"\u706b\u8000\u65e5","id":2},"items":[{"id":456301,"url":"http:\/\/bgm.tv\/subject\/456301","type":2,"name":"\u8001\u9a6c\u4e0e\u5c0f\u767d","name_cn":"","summary":"","air_date":"2025-04-15","air_weekday":2,"rating":{"total":2,"count":{"10":0,"9":0,"8":0,"7":1,"6":1,"5":0,"4":0,"3":0,"2":0,"1":0},"score":6.5},"images":{"large":"http:\/\/lain.bgm.tv\/pic\/cover\/l\/65\/ee\/456301_cACaW.jpg","common":"http:\/\/lain.bgm.tv\/pic\/cover\/c\/65\/ee\/456301_cACaW.jpg","medium":"http:\/\/lain.bgm.tv\/pic\/cover\/m\/65\/ee\/456301_cACaW.jpg","small":"http:\/\/lain.bgm.tv\/pic\/cover\/s\/65\/ee\/456301_cACaW.jpg","grid":"http:\/\/lain.bgm.tv\/pic\/cover\/g\/65\/ee\/456301_cACaW.jpg"},"collection":{"doing":5}},{"id":466762,"url":"http:\/\/bgm.tv\/subject\/466762","type":2,"name":"\u6211\u7684\u5e08\u5144\u592a\u5f3a\u4e86","name_cn":"","summary":"","air_date":"2025-04-01","air_weekday":2,"rating":{"total":3,"count":{"10":0,"9":0,"8":0,"7":0,"6":1,"5":1,"4":0,"3":0,"2":0,"1":1},"score":4},"images":{"large":"http:\/\/lain.bgm.tv\/pic\/cover\/l\/bb\/b8\/466762_9Cs2a.jpg","common":"http:\/\/lain.bgm.tv\/pic\/cover\/c\/bb\/b8\/466762_9Cs2a.jpg","medium":"http:\/\/lain.bgm.tv\/pic\/cover\/m\/bb\/b8\/466762_9Cs2a.jpg","small":"http:\/\/lain.bgm.tv\/pic\/cover\/s\/bb\/b8\/466762_9Cs2a.jpg","grid":"http:\/\/lain.bgm.tv\/pic\/cover\/g\/bb\/b8\/466762_9Cs2a.jpg"},"collection":{"doing":32}},{"id":480545,"url":"http:\/\/bgm.tv\/subject\/480545","type":2,"name":"\u7d2b\u96f2\u5bfa\u5bb6\u306e\u5b50\u4f9b\u305f\u3061","name_cn":"\u7d2b\u4e91\u5bfa\u5bb6\u7684\u5144\u5f1f\u59d0\u59b9","summary":"","air_date":"2025-04-08","air_weekday":2,"rating":{"total":983,"count":{"10":17,"9":9,"8":45,"7":259,"6":415,"5":156,"4":52,"3":19,"2":5,"1":6},"score":6.1},"rank":6954,"images":{"large":"http:\/\/lain.bgm.tv\/pic\/cover\/l\/48\/c8\/480545_ssg38.jpg","common":"http:\/\/lain.bgm.tv\/pic\/cover\/c\/48\/c8\/480545_ssg38.jpg","medium":"http:\/\/lain.bgm.tv\/pic\/cover\/m\/48\/c8\/480545_ssg38.jpg","small":"http:\/\/lain.bgm.tv\/pic\/cover\/s\/48\/c8\/480545_ssg38.jpg","grid":"http:\/\/lain.bgm.tv\/pic\/cover\/g\/48\/c8\/480545_ssg38.jpg"},"collection":{"doing":3564}},{"id":501702,"url":"http:\/\/bgm.tv\/subject\/501702","type":2,"name":"\u3042\u308b\u9b54\u5973\u304c\u6b7b\u306c\u307e\u3067","name_cn":"\u76f4\u81f3\u9b54\u5973\u6d88\u901d","summary":"","air_date":"2025-04-01","air_weekday":2,"rating":{"total":1233,"count":{"10":9,"9":6,"8":49,"7":226,"6":574,"5":271,"4":78,"3":12,"2":5,"1":3},"score":5.9},"rank":7543,"images":{"large":"http:\/\/lain.bgm.tv\/pic\/cover\/l\/e1\/b7\/501702_VXrd2.jpg","common":"http:\/\/lain.bgm.tv\/pic\/cover\/c\/e1\/b7\/501702_VXrd2.jpg","medium":"http:\/\/lain.bgm.tv\/pic\/cover\/m\/e1\/b7\/501702_VXrd2.jpg","small":"http:\/\/lain.bgm.tv\/pic\/cover\/s\/e1\/b7\/501702_VXrd2.jpg","grid":"http:\/\/lain.bgm.tv\/pic\/cover\/g\/e1\/b7\/501702_VXrd2.jpg"},"collection":{"doing":3836}},{"id":509986,"url":"http:\/\/bgm.tv\/subject\/509986","type":2,"name":"\u30a2\u30dd\u30ab\u30ea\u30d7\u30b9\u30db\u30c6\u30eb","name_cn":"\u672b\u65e5\u540e\u9152\u5e97","summary":"","air_date":"2025-04-08","air_weekday":2,"rating":{"total":3756,"count":{"10":213,"9":796,"8":1916,"7":618,"6":153,"5":34,"4":9,"3":5,"2":4,"1":8},"score":8},"rank":225,"images":{"large":"http:\/\/lain.bgm.tv\/pic\/cover\/l\/6e\/1a\/509986_99qsc.jpg","common":"http:\/\/lain.bgm.tv\/pic\/cover\/c\/6e\/1a\/509986_99qsc.jpg","medium":"http:\/\/lain.bgm.tv\/pic\/cover\/m\/6e\/1a\/509986_99qsc.jpg","small":"http:\/\/lain.bgm.tv\/pic\/cover\/s\/6e\/1a\/509986_99qsc.jpg","grid":"http:\/\/lain.bgm.tv\/pic\/cover\/g\/6e\/1a\/509986_99qsc.jpg"},"collection":{"doing":11303}},{"id":524123,"url":"http:\/\/bgm.tv\/subject\/524123","type":2,"name":"\u30dc\u30fc\u30eb\u30d1\u30fc\u30af\u3067\u3064\u304b\u307e\u3048\u3066\uff01","name_cn":"\u9633\u5149\u9a6c\u8fbe\u68d2\u7403\u573a\uff01","summary":"","air_date":"2025-04-01","air_weekday":2,"rating":{"total":788,"count":{"10":5,"9":8,"8":95,"7":383,"6":237,"5":49,"4":6,"3":3,"2":1,"1":1},"score":6.7},"rank":3981,"images":{"large":"http:\/\/lain.bgm.tv\/pic\/cover\/l\/a0\/09\/524123_5Pwit.jpg","common":"http:\/\/lain.bgm.tv\/pic\/cover\/c\/a0\/09\/524123_5Pwit.jpg","medium":"http:\/\/lain.bgm.tv\/pic\/cover\/m\/a0\/09\/524123_5Pwit.jpg","small":"http:\/\/lain.bgm.tv\/pic\/cover\/s\/a0\/09\/524123_5Pwit.jpg","grid":"http:\/\/lain.bgm.tv\/pic\/cover\/g\/a0\/09\/524123_5Pwit.jpg"},"collection":{"doing":2311}},{"id":526816,"url":"http:\/\/bgm.tv\/subject\/526816","type":2,"name":"\u6a5f\u52d5\u6226\u58ebGundam GQuuuuuuX","name_cn":"\u673a\u52a8\u6218\u58eb\u9ad8\u8fbe GQuuuuuuX","summary":"","air_date":"2025-04-08","air_weekday":2,"rating":{"total":2951,"count":{"10":78,"9":112,"8":887,"7":1140,"6":451,"5":135,"4":75,"3":23,"2":12,"1":38},"score":7},"rank":2515,"images":{"large":"http:\/\/lain.bgm.tv\/pic\/cover\/l\/27\/84\/526816_i7w6d.jpg","common":"http:\/\/lain.bgm.tv\/pic\/cover\/c\/27\/84\/526816_i7w6d.jpg","medium":"http:\/\/lain.bgm.tv\/pic\/cover\/m\/27\/84\/526816_i7w6d.jpg","small":"http:\/\/lain.bgm.tv\/pic\/cover\/s\/27\/84\/526816_i7w6d.jpg","grid":"http:\/\/lain.bgm.tv\/pic\/cover\/g\/27\/84\/526816_i7w6d.jpg"},"collection":{"doing":10727}},{"id":544872,"url":"http:\/\/bgm.tv\/subject\/544872","type":2,"name":"\u3061\u304f\u308f\u6226\u8a18\uff5e\u304a\u308c\u306e\u30ab\u30ef\u30a4\u30a4\u3067\u5730\u7403\u4fb5\u7565\uff5e","name_cn":"\u7af9\u8f6e\u6218\u7eaa\uff5e\u7528\u6211\u7684\u53ef\u7231\u6765\u4fb5\u7565\u5730\u7403\uff5e","summary":"","air_date":"2025-04-08","air_weekday":2,"rating":{"total":9,"count":{"10":1,"9":0,"8":0,"7":0,"6":1,"5":3,"4":1,"3":1,"2":1,"1":1},"score":4.6},"images":{"large":"http:\/\/lain.bgm.tv\/pic\/cover\/l\/04\/fa\/544872_9mkMX.jpg","common":"http:\/\/lain.bgm.tv\/pic\/cover\/c\/04\/fa\/544872_9mkMX.jpg","medium":"http:\/\/lain.bgm.tv\/pic\/cover\/m\/04\/fa\/544872_9mkMX.jpg","small":"http:\/\/lain.bgm.tv\/pic\/cover\/s\/04\/fa\/544872_9mkMX.jpg","grid":"http:\/\/lain.bgm.tv\/pic\/cover\/g\/04\/fa\/544872_9mkMX.jpg"},"collection":{"doing":12}},{"id":546257,"url":"http:\/\/bgm.tv\/subject\/546257","type":2,"name":"\u604b\u3059\u308b\u30ef\u30f3\u30d4\u30fc\u30b9","name_cn":"\u822a\u6d77\u738b\u8c08\u604b\u7231","summary":"","air_date":"2025-04-01","air_weekday":2,"rating":{"total":63,"count":{"10":2,"9":1,"8":2,"7":3,"6":18,"5":27,"4":5,"3":2,"2":1,"1":2},"score":5.4},"rank":6932,"images":{"large":"http:\/\/lain.bgm.tv\/pic\/cover\/l\/67\/58\/546257_SlLZU.jpg","common":"http:\/\/lain.bgm.tv\/pic\/cover\/c\/67\/58\/546257_SlLZU.jpg","medium":"http:\/\/lain.bgm.tv\/pic\/cover\/m\/67\/58\/546257_SlLZU.jpg","small":"http:\/\/lain.bgm.tv\/pic\/cover\/s\/67\/58\/546257_SlLZU.jpg","grid":"http:\/\/lain.bgm.tv\/pic\/cover\/g\/67\/58\/546257_SlLZU.jpg"},"collection":{"doing":33}},{"id":550457,"url":"http:\/\/bgm.tv\/subject\/550457","type":2,"name":"\u30e6\u30fc\u30c1\u30e5\u30fc\u30cb\u30e3\u30fc 3\u671f\u30a2\u30cb\u30e1\u30b7\u30ea\u30fc\u30ba","name_cn":"YouTu\u55b5 \u7b2c\u4e09\u5b63\u52a8\u753b\u5267\u96c6","summary":"","air_date":"2025-04-15","air_weekday":2,"rating":{"total":1,"count":{"10":0,"9":0,"8":0,"7":0,"6":0,"5":0,"4":0,"3":0,"2":1,"1":0},"score":2},"images":{"large":"http:\/\/lain.bgm.tv\/pic\/cover\/l\/35\/63\/550457_UNln8.jpg","common":"http:\/\/lain.bgm.tv\/pic\/cover\/c\/35\/63\/550457_UNln8.jpg","medium":"http:\/\/lain.bgm.tv\/pic\/cover\/m\/35\/63\/550457_UNln8.jpg","small":"http:\/\/lain.bgm.tv\/pic\/cover\/s\/35\/63\/550457_UNln8.jpg","grid":"http:\/\/lain.bgm.tv\/pic\/cover\/g\/35\/63\/550457_UNln8.jpg"},"collection":{"doing":4}},{"id":554228,"url":"http:\/\/bgm.tv\/subject\/554228","type":2,"name":"\u5b9d\u53ef\u68a6\u751f\u6001\u4e00\u65e5\u8bb0","name_cn":"\u5b9d\u53ef\u68a6\u751f\u6001\u4e00\u65e5\u8bb0","summary":"","air_date":"2025-04-22","air_weekday":2,"rating":{"total":18,"count":{"10":0,"9":0,"8":0,"7":1,"6":13,"5":4,"4":0,"3":0,"2":0,"1":0},"score":5.8},"images":{"large":"http:\/\/lain.bgm.tv\/pic\/cover\/l\/63\/01\/554228_n0f4n.jpg","common":"http:\/\/lain.bgm.tv\/pic\/cover\/c\/63\/01\/554228_n0f4n.jpg","medium":"http:\/\/lain.bgm.tv\/pic\/cover\/m\/63\/01\/554228_n0f4n.jpg","small":"http:\/\/lain.bgm.tv\/pic\/cover\/s\/63\/01\/554228_n0f4n.jpg","grid":"http:\/\/lain.bgm.tv\/pic\/cover\/g\/63\/01\/554228_n0f4n.jpg"},"collection":{"doing":2}},{"id":554973,"url":"http:\/\/bgm.tv\/subject\/554973","type":2,"name":"\u3064\u307c\u307f\u307f","name_cn":"TSUBOMiMi","summary":"","air_date":"2025-04-22","air_weekday":2,"rating":{"total":2,"count":{"10":0,"9":0,"8":0,"7":0,"6":0,"5":2,"4":0,"3":0,"2":0,"1":0},"score":5},"images":{"large":"http:\/\/lain.bgm.tv\/pic\/cover\/l\/db\/a4\/554973_YjWxy.jpg","common":"http:\/\/lain.bgm.tv\/pic\/cover\/c\/db\/a4\/554973_YjWxy.jpg","medium":"http:\/\/lain.bgm.tv\/pic\/cover\/m\/db\/a4\/554973_YjWxy.jpg","small":"http:\/\/lain.bgm.tv\/pic\/cover\/s\/db\/a4\/554973_YjWxy.jpg","grid":"http:\/\/lain.bgm.tv\/pic\/cover\/g\/db\/a4\/554973_YjWxy.jpg"},"collection":{"doing":2}},{"id":554974,"url":"http:\/\/bgm.tv\/subject\/554974","type":2,"name":"Dream Photobooth","name_cn":"","summary":"","air_date":"2025-04-22","air_weekday":2,"rating":{"total":2,"count":{"10":0,"9":0,"8":0,"7":0,"6":1,"5":1,"4":0,"3":0,"2":0,"1":0},"score":5.5},"images":{"large":"http:\/\/lain.bgm.tv\/pic\/cover\/l\/70\/7c\/554974_2RJtd.jpg","common":"http:\/\/lain.bgm.tv\/pic\/cover\/c\/70\/7c\/554974_2RJtd.jpg","medium":"http:\/\/lain.bgm.tv\/pic\/cover\/m\/70\/7c\/554974_2RJtd.jpg","small":"http:\/\/lain.bgm.tv\/pic\/cover\/s\/70\/7c\/554974_2RJtd.jpg","grid":"http:\/\/lain.bgm.tv\/pic\/cover\/g\/70\/7c\/554974_2RJtd.jpg"},"collection":{"doing":2}}]},{"weekday":{"en":"Wed","cn":"\u661f\u671f\u4e09","ja":"\u6c34\u8000\u65e5","id":3},"items":[{"id":975,"url":"http:\/\/bgm.tv\/subject\/975","type":2,"name":"ONE PIECE","name_cn":"\u822a\u6d77\u738b","summary":"","air_date":"1999-10-20","air_weekday":3,"rating":{"total":12813,"count":{"10":3604,"9":2473,"8":3313,"7":1993,"6":827,"5":334,"4":102,"3":34,"2":44,"1":89},"score":8.3},"rank":94,"images":{"large":"http:\/\/lain.bgm.tv\/pic\/cover\/l\/92\/97\/975_YKuWd.jpg","common":"http:\/\/lain.bgm.tv\/pic\/cover\/c\/92\/97\/975_YKuWd.jpg","medium":"http:\/\/lain.bgm.tv\/pic\/cover\/m\/92\/97\/975_YKuWd.jpg","small":"http:\/\/lain.bgm.tv\/pic\/cover\/s\/92\/97\/975_YKuWd.jpg","grid":"http:\/\/lain.bgm.tv\/pic\/cover\/g\/92\/97\/975_YKuWd.jpg"},"collection":{"doing":12708}},{"id":441888,"url":"http:\/\/bgm.tv\/subject\/441888","type":2,"name":"\u83efDoll*-Reinterpretation of Flowering-","name_cn":"\u534eDoll-Reinterpretation of Flowering-","summary":"","air_date":"2025-04-09","air_weekday":3,"rating":{"total":22,"count":{"10":1,"9":1,"8":1,"7":1,"6":2,"5":1,"4":4,"3":6,"2":0,"1":5},"score":4.1},"images":{"large":"http:\/\/lain.bgm.tv\/pic\/cover\/l\/25\/1b\/441888_G1GOm.jpg","common":"http:\/\/lain.bgm.tv\/pic\/cover\/c\/25\/1b\/441888_G1GOm.jpg","medium":"http:\/\/lain.bgm.tv\/pic\/cover\/m\/25\/1b\/441888_G1GOm.jpg","small":"http:\/\/lain.bgm.tv\/pic\/cover\/s\/25\/1b\/441888_G1GOm.jpg","grid":"http:\/\/lain.bgm.tv\/pic\/cover\/g\/25\/1b\/441888_G1GOm.jpg"},"collection":{"doing":54}},{"id":442128,"url":"http:\/\/bgm.tv\/subject\/442128","type":2,"name":"\u672a\u30eb \u308f\u305f\u3057\u306e\u307f\u3089\u3044","name_cn":"MIRU \u6211\u4eec\u7684\u672a\u6765","summary":"","air_date":"2025-04-02","air_weekday":3,"rating":{"total":76,"count":{"10":0,"9":1,"8":1,"7":1,"6":5,"5":11,"4":28,"3":17,"2":6,"1":6},"score":3.8},"rank":8989,"images":{"large":"http:\/\/lain.bgm.tv\/pic\/cover\/l\/e8\/2c\/442128_YDI64.jpg","common":"http:\/\/lain.bgm.tv\/pic\/cover\/c\/e8\/2c\/442128_YDI64.jpg","medium":"http:\/\/lain.bgm.tv\/pic\/cover\/m\/e8\/2c\/442128_YDI64.jpg","small":"http:\/\/lain.bgm.tv\/pic\/cover\/s\/e8\/2c\/442128_YDI64.jpg","grid":"http:\/\/lain.bgm.tv\/pic\/cover\/g\/e8\/2c\/442128_YDI64.jpg"},"collection":{"doing":85}},{"id":445826,"url":"http:\/\/bgm.tv\/subject\/445826","type":2,"name":"\u30e6\u30a2\u30fb\u30d5\u30a9\u30eb\u30de","name_cn":"\u8bb0\u5fc6\u7f1d\u7ebf","summary":"","air_date":"2025-04-02","air_weekday":3,"rating":{"total":683,"count":{"10":2,"9":2,"8":8,"7":35,"6":175,"5":249,"4":151,"3":46,"2":9,"1":6},"score":5},"rank":8974,"images":{"large":"http:\/\/lain.bgm.tv\/pic\/cover\/l\/14\/39\/445826_id8dk.jpg","common":"http:\/\/lain.bgm.tv\/pic\/cover\/c\/14\/39\/445826_id8dk.jpg","medium":"http:\/\/lain.bgm.tv\/pic\/cover\/m\/14\/39\/445826_id8dk.jpg","small":"http:\/\/lain.bgm.tv\/pic\/cover\/s\/14\/39\/445826_id8dk.jpg","grid":"http:\/\/lain.bgm.tv\/pic\/cover\/g\/14\/39\/445826_id8dk.jpg"},"collection":{"doing":1517}},{"id":492121,"url":"http:\/\/bgm.tv\/subject\/492121","type":2,"name":"\u795e\u5370\u738b\u5ea7\u5267\u573a\u7248 \u4f0a\u83b1\u514b\u65af\u4f20\u5947","name_cn":"","summary":"","air_date":"2025-04-30","air_weekday":3,"rating":{"total":16,"count":{"10":0,"9":0,"8":2,"7":6,"6":5,"5":1,"4":0,"3":0,"2":1,"1":1},"score":6},"images":{"large":"http:\/\/lain.bgm.tv\/pic\/cover\/l\/42\/0b\/492121_OR030.jpg","common":"http:\/\/lain.bgm.tv\/pic\/cover\/c\/42\/0b\/492121_OR030.jpg","medium":"http:\/\/lain.bgm.tv\/pic\/cover\/m\/42\/0b\/492121_OR030.jpg","small":"http:\/\/lain.bgm.tv\/pic\/cover\/s\/42\/0b\/492121_OR030.jpg","grid":"http:\/\/lain.bgm.tv\/pic\/cover\/g\/42\/0b\/492121_OR030.jpg"},"collection":{"doing":12}},{"id":504950,"url":"http:\/\/bgm.tv\/subject\/504950","type":2,"name":"\u30ea\u30b3\u30ea\u30b9\u30fb\u30ea\u30b3\u30a4\u30eb Friends are thieves of time.","name_cn":"\u8389\u53ef\u4e3d\u4e1d\uff1a\u53cb\u8c0a\u662f\u65f6\u95f4\u7684\u7a83\u8d3c","summary":"","air_date":"2025-04-16","air_weekday":3,"rating":{"total":2508,"count":{"10":88,"9":76,"8":632,"7":1186,"6":402,"5":82,"4":20,"3":6,"2":3,"1":13},"score":7.1},"rank":2052,"images":{"large":"http:\/\/lain.bgm.tv\/pic\/cover\/l\/01\/d5\/504950_WmdZx.jpg","common":"http:\/\/lain.bgm.tv\/pic\/cover\/c\/01\/d5\/504950_WmdZx.jpg","medium":"http:\/\/lain.bgm.tv\/pic\/cover\/m\/01\/d5\/504950_WmdZx.jpg","small":"http:\/\/lain.bgm.tv\/pic\/cover\/s\/01\/d5\/504950_WmdZx.jpg","grid":"http:\/\/lain.bgm.tv\/pic\/cover\/g\/01\/d5\/504950_WmdZx.jpg"},"collection":{"doing":2170}},{"id":506407,"url":"http:\/\/bgm.tv\/subject\/506407","type":2,"name":"\u5c65\u3044\u3066\u304f\u3060\u3055\u3044\u3001\u9df9\u5cf0\u3055\u3093","name_cn":"\u62dc\u6258\u8bf7\u7a7f\u4e0a\uff0c\u9e70\u5cf0\u540c\u5b66","summary":"","air_date":"2025-04-02","air_weekday":3,"rating":{"total":725,"count":{"10":6,"9":4,"8":17,"7":32,"6":105,"5":186,"4":192,"3":105,"2":47,"1":31},"score":4.4},"rank":9185,"images":{"large":"http:\/\/lain.bgm.tv\/pic\/cover\/l\/05\/c1\/506407_8l3G3.jpg","common":"http:\/\/lain.bgm.tv\/pic\/cover\/c\/05\/c1\/506407_8l3G3.jpg","medium":"http:\/\/lain.bgm.tv\/pic\/cover\/m\/05\/c1\/506407_8l3G3.jpg","small":"http:\/\/lain.bgm.tv\/pic\/cover\/s\/05\/c1\/506407_8l3G3.jpg","grid":"http:\/\/lain.bgm.tv\/pic\/cover\/g\/05\/c1\/506407_8l3G3.jpg"},"collection":{"doing":2387}},{"id":520559,"url":"http:\/\/bgm.tv\/subject\/520559","type":2,"name":"\u6700\u5f37\u306e\u738b\u69d8\u3001\u4e8c\u5ea6\u76ee\u306e\u4eba\u751f\u306f\u4f55\u3092\u3059\u308b\uff1f","name_cn":"\u7ec8\u672b\u8d77\u70b9","summary":"","air_date":"2025-04-02","air_weekday":3,"rating":{"total":304,"count":{"10":3,"9":2,"8":3,"7":10,"6":37,"5":68,"4":80,"3":40,"2":25,"1":36},"score":4},"rank":9210,"images":{"large":"http:\/\/lain.bgm.tv\/pic\/cover\/l\/0d\/8f\/520559_sbEB4.jpg","common":"http:\/\/lain.bgm.tv\/pic\/cover\/c\/0d\/8f\/520559_sbEB4.jpg","medium":"http:\/\/lain.bgm.tv\/pic\/cover\/m\/0d\/8f\/520559_sbEB4.jpg","small":"http:\/\/lain.bgm.tv\/pic\/cover\/s\/0d\/8f\/520559_sbEB4.jpg","grid":"http:\/\/lain.bgm.tv\/pic\/cover\/g\/0d\/8f\/520559_sbEB4.jpg"},"collection":{"doing":855}},{"id":520672,"url":"http:\/\/bgm.tv\/subject\/520672","type":2,"name":"\u5b8c\u74a7\u3059\u304e\u3066\u53ef\u611b\u3052\u304c\u306a\u3044\u3068\u5a5a\u7d04\u7834\u68c4\u3055\u308c\u305f\u8056\u5973\u306f\u96a3\u56fd\u306b\u58f2\u3089\u308c\u308b","name_cn":"\u5723\u5973\u56e0\u592a\u8fc7\u5b8c\u7f8e\u4e0d\u591f\u53ef\u7231\u800c\u88ab\u5e9f\u9664\u5a5a\u7ea6\u5e76\u5356\u5230\u90bb\u56fd","summary":"","air_date":"2025-04-09","air_weekday":3,"rating":{"total":494,"count":{"10":8,"9":6,"8":14,"7":74,"6":213,"5":112,"4":41,"3":17,"2":5,"1":4},"score":5.7},"rank":7840,"images":{"large":"http:\/\/lain.bgm.tv\/pic\/cover\/l\/a3\/33\/520672_9DC90.jpg","common":"http:\/\/lain.bgm.tv\/pic\/cover\/c\/a3\/33\/520672_9DC90.jpg","medium":"http:\/\/lain.bgm.tv\/pic\/cover\/m\/a3\/33\/520672_9DC90.jpg","small":"http:\/\/lain.bgm.tv\/pic\/cover\/s\/a3\/33\/520672_9DC90.jpg","grid":"http:\/\/lain.bgm.tv\/pic\/cover\/g\/a3\/33\/520672_9DC90.jpg"},"collection":{"doing":1582}},{"id":523889,"url":"http:\/\/bgm.tv\/subject\/523889","type":2,"name":"\u5168\u529b\u30a6\u30b5\u30ae \u7b2c2\u671f","name_cn":"\u5168\u529b\u5154\u5b50 \u7b2c\u4e8c\u5b63","summary":"","air_date":"2025-04-09","air_weekday":3,"rating":{"total":5,"count":{"10":1,"9":0,"8":0,"7":0,"6":1,"5":1,"4":1,"3":0,"2":0,"1":1},"score":5.2},"images":{"large":"http:\/\/lain.bgm.tv\/pic\/cover\/l\/7c\/dd\/523889_zp7C6.jpg","common":"http:\/\/lain.bgm.tv\/pic\/cover\/c\/7c\/dd\/523889_zp7C6.jpg","medium":"http:\/\/lain.bgm.tv\/pic\/cover\/m\/7c\/dd\/523889_zp7C6.jpg","small":"http:\/\/lain.bgm.tv\/pic\/cover\/s\/7c\/dd\/523889_zp7C6.jpg","grid":"http:\/\/lain.bgm.tv\/pic\/cover\/g\/7c\/dd\/523889_zp7C6.jpg"},"collection":{"doing":8}},{"id":526043,"url":"http:\/\/bgm.tv\/subject\/526043","type":2,"name":"\u5b87\u5b99\u4eba\u30e0\u30fc\u30e0\u30fc","name_cn":"\u5916\u661f\u4eba\u59c6\u59c6","summary":"","air_date":"2025-04-09","air_weekday":3,"rating":{"total":267,"count":{"10":4,"9":3,"8":4,"7":46,"6":125,"5":56,"4":16,"3":8,"2":2,"1":3},"score":5.8},"rank":7438,"images":{"large":"http:\/\/lain.bgm.tv\/pic\/cover\/l\/1f\/8e\/526043_BzVh4.jpg","common":"http:\/\/lain.bgm.tv\/pic\/cover\/c\/1f\/8e\/526043_BzVh4.jpg","medium":"http:\/\/lain.bgm.tv\/pic\/cover\/m\/1f\/8e\/526043_BzVh4.jpg","small":"http:\/\/lain.bgm.tv\/pic\/cover\/s\/1f\/8e\/526043_BzVh4.jpg","grid":"http:\/\/lain.bgm.tv\/pic\/cover\/g\/1f\/8e\/526043_BzVh4.jpg"},"collection":{"doing":734}},{"id":545979,"url":"http:\/\/bgm.tv\/subject\/545979","type":2,"name":"Asterix &amp; Obelix: The Big Fight","name_cn":"\u963f\u65af\u7279\u514b\u65af\u4e0e\u5965\u8d1d\u91cc\u514b\u65af\uff1a\u9996\u9886\u4e89\u593a\u6218","summary":"","air_date":"2025-04-30","air_weekday":3,"images":{"large":"http:\/\/lain.bgm.tv\/pic\/cover\/l\/34\/7e\/545979_IA180.jpg","common":"http:\/\/lain.bgm.tv\/pic\/cover\/c\/34\/7e\/545979_IA180.jpg","medium":"http:\/\/lain.bgm.tv\/pic\/cover\/m\/34\/7e\/545979_IA180.jpg","small":"http:\/\/lain.bgm.tv\/pic\/cover\/s\/34\/7e\/545979_IA180.jpg","grid":"http:\/\/lain.bgm.tv\/pic\/cover\/g\/34\/7e\/545979_IA180.jpg"},"collection":{"doing":1}},{"id":547832,"url":"http:\/\/bgm.tv\/subject\/547832","type":2,"name":"\u3052\u3063\u304b\u3093\uff01\u306a\u3093\u3082\u306e\u30a2\u30cb\u30e1","name_cn":"","summary":"","air_date":"2025-04-30","air_weekday":3,"images":{"large":"http:\/\/lain.bgm.tv\/pic\/cover\/l\/8a\/9d\/547832_15Et6.jpg","common":"http:\/\/lain.bgm.tv\/pic\/cover\/c\/8a\/9d\/547832_15Et6.jpg","medium":"http:\/\/lain.bgm.tv\/pic\/cover\/m\/8a\/9d\/547832_15Et6.jpg","small":"http:\/\/lain.bgm.tv\/pic\/cover\/s\/8a\/9d\/547832_15Et6.jpg","grid":"http:\/\/lain.bgm.tv\/pic\/cover\/g\/8a\/9d\/547832_15Et6.jpg"},"collection":{"doing":4}},{"id":547873,"url":"http:\/\/bgm.tv\/subject\/547873","type":2,"name":"MUZIK TIGER In the Forest","name_cn":"","summary":"","air_date":"2025-04-02","air_weekday":3,"rating":{"total":2,"count":{"10":0,"9":0,"8":0,"7":0,"6":0,"5":1,"4":0,"3":0,"2":0,"1":1},"score":3},"images":{"large":"http:\/\/lain.bgm.tv\/pic\/cover\/l\/62\/c6\/547873_L1bYS.jpg","common":"http:\/\/lain.bgm.tv\/pic\/cover\/c\/62\/c6\/547873_L1bYS.jpg","medium":"http:\/\/lain.bgm.tv\/pic\/cover\/m\/62\/c6\/547873_L1bYS.jpg","small":"http:\/\/lain.bgm.tv\/pic\/cover\/s\/62\/c6\/547873_L1bYS.jpg","grid":"http:\/\/lain.bgm.tv\/pic\/cover\/g\/62\/c6\/547873_L1bYS.jpg"},"collection":{"doing":3}},{"id":549563,"url":"http:\/\/bgm.tv\/subject\/549563","type":2,"name":"\u846c\u9001\u306e\u30d5\u30ea\u30fc\u30ec\u30f3 \uff5e\u25cf\u25cf\u306e\u9b54\u6cd5\uff5e2\u671f","name_cn":"\u846c\u9001\u7684\u8299\u8389\u83b2 \uff5e\u25cf\u25cf\u7684\u9b54\u6cd5\uff5e2\u671f","summary":"","air_date":"2025-04-02","air_weekday":3,"rating":{"total":80,"count":{"10":2,"9":2,"8":15,"7":42,"6":15,"5":2,"4":0,"3":1,"2":1,"1":0},"score":7},"rank":2504,"images":{"large":"http:\/\/lain.bgm.tv\/pic\/cover\/l\/a9\/55\/549563_wko8L.jpg","common":"http:\/\/lain.bgm.tv\/pic\/cover\/c\/a9\/55\/549563_wko8L.jpg","medium":"http:\/\/lain.bgm.tv\/pic\/cover\/m\/a9\/55\/549563_wko8L.jpg","small":"http:\/\/lain.bgm.tv\/pic\/cover\/s\/a9\/55\/549563_wko8L.jpg","grid":"http:\/\/lain.bgm.tv\/pic\/cover\/g\/a9\/55\/549563_wko8L.jpg"},"collection":{"doing":261}},{"id":549614,"url":"http:\/\/bgm.tv\/subject\/549614","type":2,"name":"\u906e\u5929 \u7b2c\u4e09\u5b63","name_cn":"","summary":"","air_date":"2025-04-30","air_weekday":3,"rating":{"total":24,"count":{"10":0,"9":0,"8":3,"7":9,"6":5,"5":3,"4":1,"3":1,"2":0,"1":2},"score":5.9},"images":{"large":"http:\/\/lain.bgm.tv\/pic\/cover\/l\/b2\/cc\/549614_rQq4q.jpg","common":"http:\/\/lain.bgm.tv\/pic\/cover\/c\/b2\/cc\/549614_rQq4q.jpg","medium":"http:\/\/lain.bgm.tv\/pic\/cover\/m\/b2\/cc\/549614_rQq4q.jpg","small":"http:\/\/lain.bgm.tv\/pic\/cover\/s\/b2\/cc\/549614_rQq4q.jpg","grid":"http:\/\/lain.bgm.tv\/pic\/cover\/g\/b2\/cc\/549614_rQq4q.jpg"},"collection":{"doing":93}},{"id":554456,"url":"http:\/\/bgm.tv\/subject\/554456","type":2,"name":"\u304d\u304b\u305b\u3066\u307b\u3057\u3044 \u304d\u307f\u306e\u3053\u3068","name_cn":"","summary":"","air_date":"2025-04-23","air_weekday":3,"rating":{"total":8,"count":{"10":0,"9":0,"8":0,"7":0,"6":1,"5":4,"4":2,"3":0,"2":0,"1":1},"score":4.4},"images":{"large":"http:\/\/lain.bgm.tv\/pic\/cover\/l\/73\/b5\/554456_0zLSF.jpg","common":"http:\/\/lain.bgm.tv\/pic\/cover\/c\/73\/b5\/554456_0zLSF.jpg","medium":"http:\/\/lain.bgm.tv\/pic\/cover\/m\/73\/b5\/554456_0zLSF.jpg","small":"http:\/\/lain.bgm.tv\/pic\/cover\/s\/73\/b5\/554456_0zLSF.jpg","grid":"http:\/\/lain.bgm.tv\/pic\/cover\/g\/73\/b5\/554456_0zLSF.jpg"}},{"id":555332,"url":"http:\/\/bgm.tv\/subject\/555332","type":2,"name":"\u3046\u307e\u3086\u308b \u3077\u308a\u3066\u3043\uff5e\u3050\u308c\u3044","name_cn":"\u9a6c\u5a18\u6447\u66f3 Pretty Gray","summary":"","air_date":"2025-04-30","air_weekday":3,"rating":{"total":136,"count":{"10":1,"9":1,"8":4,"7":14,"6":68,"5":38,"4":7,"3":1,"2":1,"1":1},"score":5.7},"rank":7023,"images":{"large":"http:\/\/lain.bgm.tv\/pic\/cover\/l\/23\/23\/555332_LAzA5.jpg","common":"http:\/\/lain.bgm.tv\/pic\/cover\/c\/23\/23\/555332_LAzA5.jpg","medium":"http:\/\/lain.bgm.tv\/pic\/cover\/m\/23\/23\/555332_LAzA5.jpg","small":"http:\/\/lain.bgm.tv\/pic\/cover\/s\/23\/23\/555332_LAzA5.jpg","grid":"http:\/\/lain.bgm.tv\/pic\/cover\/g\/23\/23\/555332_LAzA5.jpg"},"collection":{"doing":45}}]},{"weekday":{"en":"Thu","cn":"\u661f\u671f\u56db","ja":"\u6728\u8000\u65e5","id":4},"items":[{"id":282031,"url":"http:\/\/bgm.tv\/subject\/282031","type":2,"name":"DEVIL MAY CRY","name_cn":"\u9b3c\u6ce3","summary":"","air_date":"2025-04-03","air_weekday":4,"rating":{"total":208,"count":{"10":2,"9":4,"8":2,"7":8,"6":14,"5":20,"4":10,"3":24,"2":39,"1":85},"score":2.8},"rank":9295,"images":{"large":"http:\/\/lain.bgm.tv\/pic\/cover\/l\/88\/2e\/282031_YboUH.jpg","common":"http:\/\/lain.bgm.tv\/pic\/cover\/c\/88\/2e\/282031_YboUH.jpg","medium":"http:\/\/lain.bgm.tv\/pic\/cover\/m\/88\/2e\/282031_YboUH.jpg","small":"http:\/\/lain.bgm.tv\/pic\/cover\/s\/88\/2e\/282031_YboUH.jpg","grid":"http:\/\/lain.bgm.tv\/pic\/cover\/g\/88\/2e\/282031_YboUH.jpg"},"collection":{"doing":54}},{"id":386728,"url":"http:\/\/bgm.tv\/subject\/386728","type":2,"name":"\u30e0\u30fc\u30f3\u30e9\u30a4\u30ba","name_cn":"\u6708\u51fa\u4e4b\u6218","summary":"","air_date":"2025-04-10","air_weekday":4,"rating":{"total":255,"count":{"10":1,"9":1,"8":1,"7":11,"6":26,"5":63,"4":73,"3":48,"2":24,"1":7},"score":4.2},"rank":9171,"images":{"large":"http:\/\/lain.bgm.tv\/pic\/cover\/l\/24\/a5\/386728_LTzte.jpg","common":"http:\/\/lain.bgm.tv\/pic\/cover\/c\/24\/a5\/386728_LTzte.jpg","medium":"http:\/\/lain.bgm.tv\/pic\/cover\/m\/24\/a5\/386728_LTzte.jpg","small":"http:\/\/lain.bgm.tv\/pic\/cover\/s\/24\/a5\/386728_LTzte.jpg","grid":"http:\/\/lain.bgm.tv\/pic\/cover\/g\/24\/a5\/386728_LTzte.jpg"},"collection":{"doing":267}},{"id":484402,"url":"http:\/\/bgm.tv\/subject\/484402","type":2,"name":"\u4e00\u77ac\u3067\u6cbb\u7642\u3057\u3066\u3044\u305f\u306e\u306b\u5f79\u7acb\u305f\u305a\u3068\u8ffd\u653e\u3055\u308c\u305f\u5929\u624d\u6cbb\u7652\u5e2b\u3001\u95c7\u30d2\u30fc\u30e9\u30fc\u3068\u3057\u3066\u697d\u3057\u304f\u751f\u304d\u308b","name_cn":"\u77ac\u95f4\u6cbb\u7597\u5374\u88ab\u89c6\u4e3a\u65e0\u7528\u800c\u88ab\u6d41\u653e\u7684\u5929\u624d\u6cbb\u7597\u5e08\uff0c\u4ee5\u6697\u9ed1\u6cbb\u7597\u5e08\u7684\u8eab\u4efd\u5e78\u798f\u5730\u751f\u6d3b\u7740","summary":"","air_date":"2025-04-03","air_weekday":4,"rating":{"total":408,"count":{"10":2,"9":3,"8":4,"7":40,"6":99,"5":128,"4":67,"3":32,"2":23,"1":10},"score":4.9},"rank":8948,"images":{"large":"http:\/\/lain.bgm.tv\/pic\/cover\/l\/20\/a4\/484402_S8jgS.jpg","common":"http:\/\/lain.bgm.tv\/pic\/cover\/c\/20\/a4\/484402_S8jgS.jpg","medium":"http:\/\/lain.bgm.tv\/pic\/cover\/m\/20\/a4\/484402_S8jgS.jpg","small":"http:\/\/lain.bgm.tv\/pic\/cover\/s\/20\/a4\/484402_S8jgS.jpg","grid":"http:\/\/lain.bgm.tv\/pic\/cover\/g\/20\/a4\/484402_S8jgS.jpg"},"collection":{"doing":1376}},{"id":491569,"url":"http:\/\/bgm.tv\/subject\/491569","type":2,"name":"\u5fcd\u8005\u3068\u6bba\u3057\u5c4b\u306e\u3075\u305f\u308a\u3050\u3089\u3057","name_cn":"\u5fcd\u8005\u4e0e\u6740\u624b\u4e8c\u4eba\u7ec4\u7684\u65e5\u5e38\u751f\u6d3b","summary":"","air_date":"2025-04-10","air_weekday":4,"rating":{"total":2094,"count":{"10":66,"9":117,"8":690,"7":743,"6":255,"5":76,"4":42,"3":26,"2":18,"1":61},"score":7},"rank":2480,"images":{"large":"http:\/\/lain.bgm.tv\/pic\/cover\/l\/15\/a3\/491569_R42i0.jpg","common":"http:\/\/lain.bgm.tv\/pic\/cover\/c\/15\/a3\/491569_R42i0.jpg","medium":"http:\/\/lain.bgm.tv\/pic\/cover\/m\/15\/a3\/491569_R42i0.jpg","small":"http:\/\/lain.bgm.tv\/pic\/cover\/s\/15\/a3\/491569_R42i0.jpg","grid":"http:\/\/lain.bgm.tv\/pic\/cover\/g\/15\/a3\/491569_R42i0.jpg"},"collection":{"doing":5872}},{"id":501626,"url":"http:\/\/bgm.tv\/subject\/501626","type":2,"name":"WIND BREAKER Season 2","name_cn":"\u9632\u98ce\u5c11\u5e74 \u7b2c\u4e8c\u5b63","summary":"","air_date":"2025-04-03","air_weekday":4,"rating":{"total":270,"count":{"10":7,"9":3,"8":7,"7":38,"6":109,"5":59,"4":18,"3":18,"2":5,"1":6},"score":5.6},"rank":7959,"images":{"large":"http:\/\/lain.bgm.tv\/pic\/cover\/l\/50\/38\/501626_7DbAO.jpg","common":"http:\/\/lain.bgm.tv\/pic\/cover\/c\/50\/38\/501626_7DbAO.jpg","medium":"http:\/\/lain.bgm.tv\/pic\/cover\/m\/50\/38\/501626_7DbAO.jpg","small":"http:\/\/lain.bgm.tv\/pic\/cover\/s\/50\/38\/501626_7DbAO.jpg","grid":"http:\/\/lain.bgm.tv\/pic\/cover\/g\/50\/38\/501626_7DbAO.jpg"},"collection":{"doing":783}},{"id":504678,"url":"http:\/\/bgm.tv\/subject\/504678","type":2,"name":"\u30ed\u30c3\u30af\u306f\u6dd1\u5973\u306e\u55dc\u307f\u3067\u3057\u3066","name_cn":"\u6447\u6eda\u4e43\u662f\u6dd1\u5973\u7684\u7231\u597d","summary":"","air_date":"2025-04-03","air_weekday":4,"rating":{"total":2554,"count":{"10":27,"9":26,"8":318,"7":1057,"6":809,"5":221,"4":61,"3":23,"2":3,"1":9},"score":6.6},"rank":4815,"images":{"large":"http:\/\/lain.bgm.tv\/pic\/cover\/l\/c4\/b5\/504678_iCezc.jpg","common":"http:\/\/lain.bgm.tv\/pic\/cover\/c\/c4\/b5\/504678_iCezc.jpg","medium":"http:\/\/lain.bgm.tv\/pic\/cover\/m\/c4\/b5\/504678_iCezc.jpg","small":"http:\/\/lain.bgm.tv\/pic\/cover\/s\/c4\/b5\/504678_iCezc.jpg","grid":"http:\/\/lain.bgm.tv\/pic\/cover\/g\/c4\/b5\/504678_iCezc.jpg"},"collection":{"doing":7882}},{"id":528088,"url":"http:\/\/bgm.tv\/subject\/528088","type":2,"name":"\u3042\u3089\u3044\u3050\u307e \u30ab\u30eb\u30ab\u30eb\u56e3","name_cn":"\u5c0f\u6d63\u718a \u5361\u5c14\u5361\u5c14\u56e2","summary":"","air_date":"2025-04-03","air_weekday":4,"rating":{"total":11,"count":{"10":1,"9":1,"8":0,"7":0,"6":2,"5":3,"4":2,"3":0,"2":1,"1":1},"score":5.2},"images":{"large":"http:\/\/lain.bgm.tv\/pic\/cover\/l\/72\/ca\/528088_s7uK7.jpg","common":"http:\/\/lain.bgm.tv\/pic\/cover\/c\/72\/ca\/528088_s7uK7.jpg","medium":"http:\/\/lain.bgm.tv\/pic\/cover\/m\/72\/ca\/528088_s7uK7.jpg","small":"http:\/\/lain.bgm.tv\/pic\/cover\/s\/72\/ca\/528088_s7uK7.jpg","grid":"http:\/\/lain.bgm.tv\/pic\/cover\/g\/72\/ca\/528088_s7uK7.jpg"},"collection":{"doing":30}},{"id":534568,"url":"http:\/\/bgm.tv\/subject\/534568","type":2,"name":"\u30f3\u3081\u306d\u3053","name_cn":"\u545c\u8393\u732b\u732b","summary":"","air_date":"2025-04-03","air_weekday":4,"rating":{"total":6,"count":{"10":0,"9":0,"8":0,"7":1,"6":1,"5":3,"4":0,"3":0,"2":0,"1":1},"score":4.8},"images":{"large":"http:\/\/lain.bgm.tv\/pic\/cover\/l\/76\/9a\/534568_vZVBS.jpg","common":"http:\/\/lain.bgm.tv\/pic\/cover\/c\/76\/9a\/534568_vZVBS.jpg","medium":"http:\/\/lain.bgm.tv\/pic\/cover\/m\/76\/9a\/534568_vZVBS.jpg","small":"http:\/\/lain.bgm.tv\/pic\/cover\/s\/76\/9a\/534568_vZVBS.jpg","grid":"http:\/\/lain.bgm.tv\/pic\/cover\/g\/76\/9a\/534568_vZVBS.jpg"},"collection":{"doing":11}},{"id":544082,"url":"http:\/\/bgm.tv\/subject\/544082","type":2,"name":"\u304a\u3044\u3067\u3088\u9b54\u6cd5\u5c11\u5973\u6751\uff08\u4e0d\u6cd5\u5360\u62e0\uff09","name_cn":"\u6765\u554a\u9b54\u6cd5\u5c11\u5973\u6751\uff08\u975e\u6cd5\u5360\u636e\uff09","summary":"","air_date":"2025-04-03","air_weekday":4,"rating":{"total":16,"count":{"10":1,"9":1,"8":0,"7":1,"6":4,"5":3,"4":4,"3":0,"2":1,"1":1},"score":5.3},"images":{"large":"http:\/\/lain.bgm.tv\/pic\/cover\/l\/e1\/d2\/544082_1B91r.jpg","common":"http:\/\/lain.bgm.tv\/pic\/cover\/c\/e1\/d2\/544082_1B91r.jpg","medium":"http:\/\/lain.bgm.tv\/pic\/cover\/m\/e1\/d2\/544082_1B91r.jpg","small":"http:\/\/lain.bgm.tv\/pic\/cover\/s\/e1\/d2\/544082_1B91r.jpg","grid":"http:\/\/lain.bgm.tv\/pic\/cover\/g\/e1\/d2\/544082_1B91r.jpg"},"collection":{"doing":87}},{"id":545465,"url":"http:\/\/bgm.tv\/subject\/545465","type":2,"name":"#1 Happy Family USA","name_cn":"\u7f8e\u56fd\u7b2c\u4e00\u6b22\u4e50\u5bb6\u5ead","summary":"","air_date":"2025-04-17","air_weekday":4,"rating":{"total":2,"count":{"10":0,"9":0,"8":2,"7":0,"6":0,"5":0,"4":0,"3":0,"2":0,"1":0},"score":8},"images":{"large":"http:\/\/lain.bgm.tv\/pic\/cover\/l\/f3\/c1\/545465_RO482.jpg","common":"http:\/\/lain.bgm.tv\/pic\/cover\/c\/f3\/c1\/545465_RO482.jpg","medium":"http:\/\/lain.bgm.tv\/pic\/cover\/m\/f3\/c1\/545465_RO482.jpg","small":"http:\/\/lain.bgm.tv\/pic\/cover\/s\/f3\/c1\/545465_RO482.jpg","grid":"http:\/\/lain.bgm.tv\/pic\/cover\/g\/f3\/c1\/545465_RO482.jpg"},"collection":{"doing":3}},{"id":545695,"url":"http:\/\/bgm.tv\/subject\/545695","type":2,"name":"\u3077\u3061\u304d\u3085\u3042\uff5ePrecure Fairies\uff5e","name_cn":"\u5c0f\u5c0f\u5149\u4e4b\u7f8e\u5c11\u5973\uff5ePrecure Fairies\uff5e","summary":"","air_date":"2025-04-03","air_weekday":4,"rating":{"total":16,"count":{"10":1,"9":1,"8":0,"7":1,"6":1,"5":9,"4":1,"3":1,"2":0,"1":1},"score":5.3},"images":{"large":"http:\/\/lain.bgm.tv\/pic\/cover\/l\/8b\/72\/545695_f2sVh.jpg","common":"http:\/\/lain.bgm.tv\/pic\/cover\/c\/8b\/72\/545695_f2sVh.jpg","medium":"http:\/\/lain.bgm.tv\/pic\/cover\/m\/8b\/72\/545695_f2sVh.jpg","small":"http:\/\/lain.bgm.tv\/pic\/cover\/s\/8b\/72\/545695_f2sVh.jpg","grid":"http:\/\/lain.bgm.tv\/pic\/cover\/g\/8b\/72\/545695_f2sVh.jpg"},"collection":{"doing":35}},{"id":549657,"url":"http:\/\/bgm.tv\/subject\/549657","type":2,"name":"The Star Seekers \u661f\u3092\u8ffd\u3046\u5c11\u5e74\u305f\u3061","name_cn":"","summary":"","air_date":"2025-04-03","air_weekday":4,"rating":{"total":40,"count":{"10":1,"9":1,"8":0,"7":0,"6":2,"5":9,"4":17,"3":7,"2":2,"1":1},"score":4.3},"images":{"large":"http:\/\/lain.bgm.tv\/pic\/cover\/l\/14\/67\/549657_xCoqA.jpg","common":"http:\/\/lain.bgm.tv\/pic\/cover\/c\/14\/67\/549657_xCoqA.jpg","medium":"http:\/\/lain.bgm.tv\/pic\/cover\/m\/14\/67\/549657_xCoqA.jpg","small":"http:\/\/lain.bgm.tv\/pic\/cover\/s\/14\/67\/549657_xCoqA.jpg","grid":"http:\/\/lain.bgm.tv\/pic\/cover\/g\/14\/67\/549657_xCoqA.jpg"},"collection":{"doing":6}},{"id":549658,"url":"http:\/\/bgm.tv\/subject\/549658","type":2,"name":"7FATES: CHAKHO","name_cn":"","summary":"","air_date":"2025-04-03","air_weekday":4,"rating":{"total":84,"count":{"10":2,"9":1,"8":2,"7":6,"6":23,"5":29,"4":9,"3":4,"2":5,"1":3},"score":5.1},"rank":7847,"images":{"large":"http:\/\/lain.bgm.tv\/pic\/cover\/l\/b2\/d7\/549658_dDOSW.jpg","common":"http:\/\/lain.bgm.tv\/pic\/cover\/c\/b2\/d7\/549658_dDOSW.jpg","medium":"http:\/\/lain.bgm.tv\/pic\/cover\/m\/b2\/d7\/549658_dDOSW.jpg","small":"http:\/\/lain.bgm.tv\/pic\/cover\/s\/b2\/d7\/549658_dDOSW.jpg","grid":"http:\/\/lain.bgm.tv\/pic\/cover\/g\/b2\/d7\/549658_dDOSW.jpg"},"collection":{"doing":5}},{"id":554391,"url":"http:\/\/bgm.tv\/subject\/554391","type":2,"name":"Ninjago:Dragons Rising Season 3","name_cn":"\u4e50\u9ad8\u5e7b\u5f71\u5fcd\u8005\uff1a\u795e\u9f99\u5d1b\u8d77 \u7b2c\u4e09\u5b63","summary":"","air_date":"2025-04-17","air_weekday":4,"images":{"large":"http:\/\/lain.bgm.tv\/pic\/cover\/l\/64\/5c\/554391_k2rwI.jpg","common":"http:\/\/lain.bgm.tv\/pic\/cover\/c\/64\/5c\/554391_k2rwI.jpg","medium":"http:\/\/lain.bgm.tv\/pic\/cover\/m\/64\/5c\/554391_k2rwI.jpg","small":"http:\/\/lain.bgm.tv\/pic\/cover\/s\/64\/5c\/554391_k2rwI.jpg","grid":"http:\/\/lain.bgm.tv\/pic\/cover\/g\/64\/5c\/554391_k2rwI.jpg"},"collection":{"doing":2}}]},{"weekday":{"en":"Fri","cn":"\u661f\u671f\u4e94","ja":"\u91d1\u8000\u65e5","id":5},"items":[{"id":382126,"url":"http:\/\/bgm.tv\/subject\/382126","type":2,"name":"\u708e\u708e\u30ce\u6d88\u9632\u968a \u53c2\u30ce\u7ae0","name_cn":"\u708e\u708e\u6d88\u9632\u961f \u53c1\u4e4b\u7ae0","summary":"","air_date":"2025-04-04","air_weekday":5,"rating":{"total":259,"count":{"10":7,"9":2,"8":20,"7":95,"6":80,"5":38,"4":11,"3":2,"2":0,"1":4},"score":6.3},"rank":5462,"images":{"large":"http:\/\/lain.bgm.tv\/pic\/cover\/l\/24\/61\/382126_tsZds.jpg","common":"http:\/\/lain.bgm.tv\/pic\/cover\/c\/24\/61\/382126_tsZds.jpg","medium":"http:\/\/lain.bgm.tv\/pic\/cover\/m\/24\/61\/382126_tsZds.jpg","small":"http:\/\/lain.bgm.tv\/pic\/cover\/s\/24\/61\/382126_tsZds.jpg","grid":"http:\/\/lain.bgm.tv\/pic\/cover\/g\/24\/61\/382126_tsZds.jpg"},"collection":{"doing":1371}},{"id":395493,"url":"http:\/\/bgm.tv\/subject\/395493","type":2,"name":"\u7537\u5973\u306e\u53cb\u60c5\u306f\u6210\u7acb\u3059\u308b\uff1f\uff08\u3044\u3084\u3001\u3057\u306a\u3044\u3063!!\uff09","name_cn":"\u7537\u5973\u4e4b\u95f4\u7684\u53cb\u60c5\u5b58\u5728\u5417\uff1f\uff08\u4e0d\uff0c\u4e0d\u5b58\u5728!!\uff09","summary":"","air_date":"2025-04-04","air_weekday":5,"rating":{"total":1505,"count":{"10":18,"9":10,"8":46,"7":223,"6":475,"5":387,"4":210,"3":85,"2":22,"1":29},"score":5.4},"rank":8639,"images":{"large":"http:\/\/lain.bgm.tv\/pic\/cover\/l\/17\/74\/395493_FAWf3.jpg","common":"http:\/\/lain.bgm.tv\/pic\/cover\/c\/17\/74\/395493_FAWf3.jpg","medium":"http:\/\/lain.bgm.tv\/pic\/cover\/m\/17\/74\/395493_FAWf3.jpg","small":"http:\/\/lain.bgm.tv\/pic\/cover\/s\/17\/74\/395493_FAWf3.jpg","grid":"http:\/\/lain.bgm.tv\/pic\/cover\/g\/17\/74\/395493_FAWf3.jpg"},"collection":{"doing":4312}},{"id":488460,"url":"http:\/\/bgm.tv\/subject\/488460","type":2,"name":"\u795e\u7d71\u8a18\uff08\u30c6\u30aa\u30b4\u30cb\u30a2\uff09","name_cn":"\u795e\u7edf\u8bb0","summary":"","air_date":"2025-04-11","air_weekday":5,"rating":{"total":114,"count":{"10":2,"9":1,"8":1,"7":13,"6":31,"5":38,"4":17,"3":7,"2":1,"1":3},"score":5.2},"rank":7998,"images":{"large":"http:\/\/lain.bgm.tv\/pic\/cover\/l\/46\/cb\/488460_sr38a.jpg","common":"http:\/\/lain.bgm.tv\/pic\/cover\/c\/46\/cb\/488460_sr38a.jpg","medium":"http:\/\/lain.bgm.tv\/pic\/cover\/m\/46\/cb\/488460_sr38a.jpg","small":"http:\/\/lain.bgm.tv\/pic\/cover\/s\/46\/cb\/488460_sr38a.jpg","grid":"http:\/\/lain.bgm.tv\/pic\/cover\/g\/46\/cb\/488460_sr38a.jpg"},"collection":{"doing":304}},{"id":507423,"url":"http:\/\/bgm.tv\/subject\/507423","type":2,"name":"\u718a\u732b\u548c\u9ad8\u5362\u9e21","name_cn":"\u718a\u732b\u548c\u9ad8\u5362\u9e21","summary":"","air_date":"2025-04-04","air_weekday":5,"rating":{"total":6,"count":{"10":1,"9":0,"8":0,"7":1,"6":1,"5":1,"4":1,"3":0,"2":0,"1":1},"score":5.5},"images":{"large":"http:\/\/lain.bgm.tv\/pic\/cover\/l\/d2\/0c\/507423_uTKh1.jpg","common":"http:\/\/lain.bgm.tv\/pic\/cover\/c\/d2\/0c\/507423_uTKh1.jpg","medium":"http:\/\/lain.bgm.tv\/pic\/cover\/m\/d2\/0c\/507423_uTKh1.jpg","small":"http:\/\/lain.bgm.tv\/pic\/cover\/s\/d2\/0c\/507423_uTKh1.jpg","grid":"http:\/\/lain.bgm.tv\/pic\/cover\/g\/d2\/0c\/507423_uTKh1.jpg"},"collection":{"doing":1}},{"id":512817,"url":"http:\/\/bgm.tv\/subject\/512817","type":2,"name":"\u3070\u3044\u3070\u3044\u3001\u30a2\u30fc\u30b9 \u7b2c2\u30b7\u30fc\u30ba\u30f3","name_cn":"\u518d\u89c1\uff0c\u5730\u7403 \u7b2c\u4e8c\u5b63","summary":"","air_date":"2025-04-04","air_weekday":5,"rating":{"total":43,"count":{"10":2,"9":2,"8":2,"7":3,"6":5,"5":10,"4":8,"3":4,"2":4,"1":3},"score":4.9},"images":{"large":"http:\/\/lain.bgm.tv\/pic\/cover\/l\/0f\/93\/512817_bL9o2.jpg","common":"http:\/\/lain.bgm.tv\/pic\/cover\/c\/0f\/93\/512817_bL9o2.jpg","medium":"http:\/\/lain.bgm.tv\/pic\/cover\/m\/0f\/93\/512817_bL9o2.jpg","small":"http:\/\/lain.bgm.tv\/pic\/cover\/s\/0f\/93\/512817_bL9o2.jpg","grid":"http:\/\/lain.bgm.tv\/pic\/cover\/g\/0f\/93\/512817_bL9o2.jpg"},"collection":{"doing":77}},{"id":525642,"url":"http:\/\/bgm.tv\/subject\/525642","type":2,"name":"\u8b0e\u89e3\u304d\u306f\u30c7\u30a3\u30ca\u30fc\u306e\u3042\u3068\u3067","name_cn":"\u63a8\u7406\u8981\u5728\u665a\u9910\u540e","summary":"","air_date":"2025-04-04","air_weekday":5,"rating":{"total":376,"count":{"10":3,"9":2,"8":10,"7":42,"6":127,"5":129,"4":39,"3":12,"2":5,"1":7},"score":5.4},"rank":8425,"images":{"large":"http:\/\/lain.bgm.tv\/pic\/cover\/l\/b0\/e9\/525642_a9M5z.jpg","common":"http:\/\/lain.bgm.tv\/pic\/cover\/c\/b0\/e9\/525642_a9M5z.jpg","medium":"http:\/\/lain.bgm.tv\/pic\/cover\/m\/b0\/e9\/525642_a9M5z.jpg","small":"http:\/\/lain.bgm.tv\/pic\/cover\/s\/b0\/e9\/525642_a9M5z.jpg","grid":"http:\/\/lain.bgm.tv\/pic\/cover\/g\/b0\/e9\/525642_a9M5z.jpg"},"collection":{"doing":1094}},{"id":529078,"url":"http:\/\/bgm.tv\/subject\/529078","type":2,"name":"\u3048\u3076\u308a\u3067\u3044\u30db\u30b9\u30c8","name_cn":"\u6bcf\u65e5\u7537\u516c\u5173","summary":"","air_date":"2025-04-04","air_weekday":5,"rating":{"total":159,"count":{"10":2,"9":1,"8":4,"7":35,"6":84,"5":26,"4":3,"3":1,"2":0,"1":3},"score":6},"rank":6314,"images":{"large":"http:\/\/lain.bgm.tv\/pic\/cover\/l\/4f\/81\/529078_R4K76.jpg","common":"http:\/\/lain.bgm.tv\/pic\/cover\/c\/4f\/81\/529078_R4K76.jpg","medium":"http:\/\/lain.bgm.tv\/pic\/cover\/m\/4f\/81\/529078_R4K76.jpg","small":"http:\/\/lain.bgm.tv\/pic\/cover\/s\/4f\/81\/529078_R4K76.jpg","grid":"http:\/\/lain.bgm.tv\/pic\/cover\/g\/4f\/81\/529078_R4K76.jpg"},"collection":{"doing":520}},{"id":548858,"url":"http:\/\/bgm.tv\/subject\/548858","type":2,"name":"\u3059\u307f\u3063\u30b3\u3050\u3089\u3057 \u3053\u3053\u304c\u304a\u3061\u3064\u304f\u3093\u3067\u3059","name_cn":"\u89d2\u843d\u5c0f\u4f19\u4f34 \u8fd9\u91cc\u8ba9\u4eba\u597d\u5b89\u5fc3","summary":"","air_date":"2025-04-04","air_weekday":5,"rating":{"total":6,"count":{"10":0,"9":1,"8":1,"7":0,"6":1,"5":2,"4":0,"3":0,"2":0,"1":1},"score":5.7},"images":{"large":"http:\/\/lain.bgm.tv\/pic\/cover\/l\/3d\/17\/548858_5OIbj.jpg","common":"http:\/\/lain.bgm.tv\/pic\/cover\/c\/3d\/17\/548858_5OIbj.jpg","medium":"http:\/\/lain.bgm.tv\/pic\/cover\/m\/3d\/17\/548858_5OIbj.jpg","small":"http:\/\/lain.bgm.tv\/pic\/cover\/s\/3d\/17\/548858_5OIbj.jpg","grid":"http:\/\/lain.bgm.tv\/pic\/cover\/g\/3d\/17\/548858_5OIbj.jpg"},"collection":{"doing":14}},{"id":552693,"url":"http:\/\/bgm.tv\/subject\/552693","type":2,"name":"WondLa Season 2","name_cn":"\u5bfb\u5bb6 \u7b2c\u4e8c\u5b63","summary":"","air_date":"2025-04-25","air_weekday":5,"images":{"large":"http:\/\/lain.bgm.tv\/pic\/cover\/l\/b2\/c6\/552693_Ou9JJ.jpg","common":"http:\/\/lain.bgm.tv\/pic\/cover\/c\/b2\/c6\/552693_Ou9JJ.jpg","medium":"http:\/\/lain.bgm.tv\/pic\/cover\/m\/b2\/c6\/552693_Ou9JJ.jpg","small":"http:\/\/lain.bgm.tv\/pic\/cover\/s\/b2\/c6\/552693_Ou9JJ.jpg","grid":"http:\/\/lain.bgm.tv\/pic\/cover\/g\/b2\/c6\/552693_Ou9JJ.jpg"}},{"id":553878,"url":"http:\/\/bgm.tv\/subject\/553878","type":2,"name":"The Gaslight District","name_cn":"\u7164\u6c14\u706f\u533a","summary":"","air_date":"2025-04-18","air_weekday":5,"rating":{"total":8,"count":{"10":0,"9":2,"8":0,"7":4,"6":2,"5":0,"4":0,"3":0,"2":0,"1":0},"score":7.3},"images":{"large":"http:\/\/lain.bgm.tv\/pic\/cover\/l\/3d\/23\/553878_rEEnT.jpg","common":"http:\/\/lain.bgm.tv\/pic\/cover\/c\/3d\/23\/553878_rEEnT.jpg","medium":"http:\/\/lain.bgm.tv\/pic\/cover\/m\/3d\/23\/553878_rEEnT.jpg","small":"http:\/\/lain.bgm.tv\/pic\/cover\/s\/3d\/23\/553878_rEEnT.jpg","grid":"http:\/\/lain.bgm.tv\/pic\/cover\/g\/3d\/23\/553878_rEEnT.jpg"},"collection":{"doing":6}}]},{"weekday":{"en":"Sat","cn":"\u661f\u671f\u516d","ja":"\u571f\u8000\u65e5","id":6},"items":[{"id":899,"url":"http:\/\/bgm.tv\/subject\/899","type":2,"name":"\u540d\u63a2\u5075\u30b3\u30ca\u30f3","name_cn":"\u540d\u4fa6\u63a2\u67ef\u5357","summary":"","air_date":"1996-01-08","air_weekday":6,"rating":{"total":9977,"count":{"10":1050,"9":1052,"8":2877,"7":3239,"6":1253,"5":365,"4":71,"3":31,"2":10,"1":29},"score":7.6},"rank":766,"images":{"large":"http:\/\/lain.bgm.tv\/pic\/cover\/l\/01\/88\/899_Q3F3X.jpg","common":"http:\/\/lain.bgm.tv\/pic\/cover\/c\/01\/88\/899_Q3F3X.jpg","medium":"http:\/\/lain.bgm.tv\/pic\/cover\/m\/01\/88\/899_Q3F3X.jpg","small":"http:\/\/lain.bgm.tv\/pic\/cover\/s\/01\/88\/899_Q3F3X.jpg","grid":"http:\/\/lain.bgm.tv\/pic\/cover\/g\/01\/88\/899_Q3F3X.jpg"},"collection":{"doing":8955}},{"id":364844,"url":"http:\/\/bgm.tv\/subject\/364844","type":2,"name":"\u30b9\u30e9\u30a4\u30e0\u5012\u3057\u3066300\u5e74\u3001\u77e5\u3089\u306a\u3044\u3046\u3061\u306b\u30ec\u30d9\u30ebMAX\u306b\u306a\u3063\u3066\u307e\u3057\u305f \uff5e\u305d\u306e\u306b\uff5e","name_cn":"\u6253\u4e86300\u5e74\u7684\u53f2\u83b1\u59c6\uff0c\u4e0d\u77e5\u4e0d\u89c9\u5c31\u7ec3\u5230\u4e86\u6ee1\u7ea7 \uff5e\u5176\u4e8c\uff5e","summary":"","air_date":"2025-04-05","air_weekday":6,"rating":{"total":778,"count":{"10":14,"9":10,"8":45,"7":185,"6":346,"5":141,"4":24,"3":8,"2":1,"1":4},"score":6.2},"rank":6623,"images":{"large":"http:\/\/lain.bgm.tv\/pic\/cover\/l\/3b\/a9\/364844_GIb43.jpg","common":"http:\/\/lain.bgm.tv\/pic\/cover\/c\/3b\/a9\/364844_GIb43.jpg","medium":"http:\/\/lain.bgm.tv\/pic\/cover\/m\/3b\/a9\/364844_GIb43.jpg","small":"http:\/\/lain.bgm.tv\/pic\/cover\/s\/3b\/a9\/364844_GIb43.jpg","grid":"http:\/\/lain.bgm.tv\/pic\/cover\/g\/3b\/a9\/364844_GIb43.jpg"},"collection":{"doing":2691}},{"id":458934,"url":"http:\/\/bgm.tv\/subject\/458934","type":2,"name":"\u592a\u53e4\u6218\u9b42","name_cn":"","summary":"","air_date":"2025-04-12","air_weekday":6,"images":{"large":"http:\/\/lain.bgm.tv\/pic\/cover\/l\/a7\/7a\/458934_4VxNb.jpg","common":"http:\/\/lain.bgm.tv\/pic\/cover\/c\/a7\/7a\/458934_4VxNb.jpg","medium":"http:\/\/lain.bgm.tv\/pic\/cover\/m\/a7\/7a\/458934_4VxNb.jpg","small":"http:\/\/lain.bgm.tv\/pic\/cover\/s\/a7\/7a\/458934_4VxNb.jpg","grid":"http:\/\/lain.bgm.tv\/pic\/cover\/g\/a7\/7a\/458934_4VxNb.jpg"},"collection":{"doing":3}},{"id":485936,"url":"http:\/\/bgm.tv\/subject\/485936","type":2,"name":"mono","name_cn":"mono\u5973\u5b69","summary":"","air_date":"2025-04-12","air_weekday":6,"rating":{"total":3086,"count":{"10":95,"9":260,"8":1440,"7":927,"6":266,"5":62,"4":14,"3":10,"2":3,"1":9},"score":7.6},"rank":788,"images":{"large":"http:\/\/lain.bgm.tv\/pic\/cover\/l\/a6\/39\/485936_y0bX8.jpg","common":"http:\/\/lain.bgm.tv\/pic\/cover\/c\/a6\/39\/485936_y0bX8.jpg","medium":"http:\/\/lain.bgm.tv\/pic\/cover\/m\/a6\/39\/485936_y0bX8.jpg","small":"http:\/\/lain.bgm.tv\/pic\/cover\/s\/a6\/39\/485936_y0bX8.jpg","grid":"http:\/\/lain.bgm.tv\/pic\/cover\/g\/a6\/39\/485936_y0bX8.jpg"},"collection":{"doing":10478}},{"id":492881,"url":"http:\/\/bgm.tv\/subject\/492881","type":2,"name":"\u771f\uff65\u4f8d\u4f1d YAIBA","name_cn":"\u771f\uff65\u6b66\u58eb\u4f20 \u5251\u52c7\u4f20\u8bf4","summary":"","air_date":"2025-04-05","air_weekday":6,"rating":{"total":744,"count":{"10":50,"9":55,"8":229,"7":250,"6":101,"5":29,"4":16,"3":7,"2":2,"1":5},"score":7.3},"rank":1489,"images":{"large":"http:\/\/lain.bgm.tv\/pic\/cover\/l\/a4\/1d\/492881_5zfHH.jpg","common":"http:\/\/lain.bgm.tv\/pic\/cover\/c\/a4\/1d\/492881_5zfHH.jpg","medium":"http:\/\/lain.bgm.tv\/pic\/cover\/m\/a4\/1d\/492881_5zfHH.jpg","small":"http:\/\/lain.bgm.tv\/pic\/cover\/s\/a4\/1d\/492881_5zfHH.jpg","grid":"http:\/\/lain.bgm.tv\/pic\/cover\/g\/a4\/1d\/492881_5zfHH.jpg"},"collection":{"doing":2157}},{"id":499140,"url":"http:\/\/bgm.tv\/subject\/499140","type":2,"name":"GUILTY GEAR STRIVE: DUAL RULERS","name_cn":"\u7f6a\u6076\u88c5\u5907 \u594b\u6218: \u4e24\u4f4d\u88c1\u51b3\u8005","summary":"","air_date":"2025-04-05","air_weekday":6,"rating":{"total":151,"count":{"10":2,"9":2,"8":4,"7":3,"6":24,"5":36,"4":37,"3":28,"2":6,"1":9},"score":4.4},"rank":9007,"images":{"large":"http:\/\/lain.bgm.tv\/pic\/cover\/l\/c1\/81\/499140_RwC3D.jpg","common":"http:\/\/lain.bgm.tv\/pic\/cover\/c\/c1\/81\/499140_RwC3D.jpg","medium":"http:\/\/lain.bgm.tv\/pic\/cover\/m\/c1\/81\/499140_RwC3D.jpg","small":"http:\/\/lain.bgm.tv\/pic\/cover\/s\/c1\/81\/499140_RwC3D.jpg","grid":"http:\/\/lain.bgm.tv\/pic\/cover\/g\/c1\/81\/499140_RwC3D.jpg"},"collection":{"doing":233}},{"id":501198,"url":"http:\/\/bgm.tv\/subject\/501198","type":2,"name":"\u304b\u3044\u3058\u3085\u3046\u305b\u304b\u3044\u305b\u3044\u3075\u304f","name_cn":"","summary":"","air_date":"2025-04-05","air_weekday":6,"rating":{"total":3,"count":{"10":0,"9":0,"8":0,"7":1,"6":0,"5":1,"4":0,"3":0,"2":0,"1":1},"score":4.3},"images":{"large":"http:\/\/lain.bgm.tv\/pic\/cover\/l\/0d\/5d\/501198_7aNOY.jpg","common":"http:\/\/lain.bgm.tv\/pic\/cover\/c\/0d\/5d\/501198_7aNOY.jpg","medium":"http:\/\/lain.bgm.tv\/pic\/cover\/m\/0d\/5d\/501198_7aNOY.jpg","small":"http:\/\/lain.bgm.tv\/pic\/cover\/s\/0d\/5d\/501198_7aNOY.jpg","grid":"http:\/\/lain.bgm.tv\/pic\/cover\/g\/0d\/5d\/501198_7aNOY.jpg"},"collection":{"doing":4}},{"id":502036,"url":"http:\/\/bgm.tv\/subject\/502036","type":2,"name":"\u30af\u30e9\u30b7\u30c3\u30af\u2605\u30b9\u30bf\u30fc\u30ba","name_cn":"\u53e4\u5178\u4e50\u2605\u4e4b\u661f","summary":"","air_date":"2025-04-05","air_weekday":6,"rating":{"total":69,"count":{"10":4,"9":1,"8":1,"7":2,"6":6,"5":20,"4":17,"3":10,"2":3,"1":5},"score":4.6},"rank":8388,"images":{"large":"http:\/\/lain.bgm.tv\/pic\/cover\/l\/2e\/ee\/502036_8KMNA.jpg","common":"http:\/\/lain.bgm.tv\/pic\/cover\/c\/2e\/ee\/502036_8KMNA.jpg","medium":"http:\/\/lain.bgm.tv\/pic\/cover\/m\/2e\/ee\/502036_8KMNA.jpg","small":"http:\/\/lain.bgm.tv\/pic\/cover\/s\/2e\/ee\/502036_8KMNA.jpg","grid":"http:\/\/lain.bgm.tv\/pic\/cover\/g\/2e\/ee\/502036_8KMNA.jpg"},"collection":{"doing":123}},{"id":502875,"url":"http:\/\/bgm.tv\/subject\/502875","type":2,"name":"\u9ed2\u57f7\u4e8b -\u7dd1\u306e\u9b54\u5973\u7de8-","name_cn":"\u9ed1\u6267\u4e8b -\u7eff\u4e4b\u9b54\u5973\u7bc7-","summary":"","air_date":"2025-04-05","air_weekday":6,"rating":{"total":101,"count":{"10":2,"9":2,"8":15,"7":46,"6":24,"5":6,"4":3,"3":0,"2":1,"1":2},"score":6.6},"rank":3533,"images":{"large":"http:\/\/lain.bgm.tv\/pic\/cover\/l\/fb\/fd\/502875_SDr4s.jpg","common":"http:\/\/lain.bgm.tv\/pic\/cover\/c\/fb\/fd\/502875_SDr4s.jpg","medium":"http:\/\/lain.bgm.tv\/pic\/cover\/m\/fb\/fd\/502875_SDr4s.jpg","small":"http:\/\/lain.bgm.tv\/pic\/cover\/s\/fb\/fd\/502875_SDr4s.jpg","grid":"http:\/\/lain.bgm.tv\/pic\/cover\/g\/fb\/fd\/502875_SDr4s.jpg"},"collection":{"doing":433}},{"id":506258,"url":"http:\/\/bgm.tv\/subject\/506258","type":2,"name":"\u7247\u7530\u820e\u306e\u304a\u3063\u3055\u3093\u3001\u5263\u8056\u306b\u306a\u308b","name_cn":"\u4e61\u4e0b\u5927\u53d4\u6210\u4e3a\u5251\u5723","summary":"","air_date":"2025-04-05","air_weekday":6,"rating":{"total":813,"count":{"10":4,"9":3,"8":19,"7":125,"6":347,"5":219,"4":65,"3":19,"2":7,"1":5},"score":5.7},"rank":8141,"images":{"large":"http:\/\/lain.bgm.tv\/pic\/cover\/l\/5f\/43\/506258_4m4PH.jpg","common":"http:\/\/lain.bgm.tv\/pic\/cover\/c\/5f\/43\/506258_4m4PH.jpg","medium":"http:\/\/lain.bgm.tv\/pic\/cover\/m\/5f\/43\/506258_4m4PH.jpg","small":"http:\/\/lain.bgm.tv\/pic\/cover\/s\/5f\/43\/506258_4m4PH.jpg","grid":"http:\/\/lain.bgm.tv\/pic\/cover\/g\/5f\/43\/506258_4m4PH.jpg"},"collection":{"doing":2777}},{"id":513018,"url":"http:\/\/bgm.tv\/subject\/513018","type":2,"name":"\u5c0f\u5e02\u6c11\u30b7\u30ea\u30fc\u30ba \u7b2c2\u671f","name_cn":"\u5c0f\u5e02\u6c11\u7cfb\u5217 \u7b2c\u4e8c\u5b63","summary":"","air_date":"2025-04-05","air_weekday":6,"rating":{"total":1150,"count":{"10":27,"9":45,"8":353,"7":504,"6":159,"5":35,"4":11,"3":5,"2":2,"1":9},"score":7.2},"rank":1942,"images":{"large":"http:\/\/lain.bgm.tv\/pic\/cover\/l\/e3\/4e\/513018_LamcZ.jpg","common":"http:\/\/lain.bgm.tv\/pic\/cover\/c\/e3\/4e\/513018_LamcZ.jpg","medium":"http:\/\/lain.bgm.tv\/pic\/cover\/m\/e3\/4e\/513018_LamcZ.jpg","small":"http:\/\/lain.bgm.tv\/pic\/cover\/s\/e3\/4e\/513018_LamcZ.jpg","grid":"http:\/\/lain.bgm.tv\/pic\/cover\/g\/e3\/4e\/513018_LamcZ.jpg"},"collection":{"doing":4317}},{"id":518090,"url":"http:\/\/bgm.tv\/subject\/518090","type":2,"name":"\u4e5d\u9f8d\u30b8\u30a7\u30cd\u30ea\u30c3\u30af\u30ed\u30de\u30f3\u30b9","name_cn":"\u4e5d\u9f99\u5927\u4f17\u6d6a\u6f2b","summary":"","air_date":"2025-04-05","air_weekday":6,"rating":{"total":1640,"count":{"10":17,"9":26,"8":322,"7":783,"6":337,"5":91,"4":37,"3":12,"2":4,"1":11},"score":6.8},"rank":3394,"images":{"large":"http:\/\/lain.bgm.tv\/pic\/cover\/l\/3e\/a1\/518090_VpVlv.jpg","common":"http:\/\/lain.bgm.tv\/pic\/cover\/c\/3e\/a1\/518090_VpVlv.jpg","medium":"http:\/\/lain.bgm.tv\/pic\/cover\/m\/3e\/a1\/518090_VpVlv.jpg","small":"http:\/\/lain.bgm.tv\/pic\/cover\/s\/3e\/a1\/518090_VpVlv.jpg","grid":"http:\/\/lain.bgm.tv\/pic\/cover\/g\/3e\/a1\/518090_VpVlv.jpg"},"collection":{"doing":6012}},{"id":520645,"url":"http:\/\/bgm.tv\/subject\/520645","type":2,"name":"\u4ffa\u306f\u661f\u9593\u56fd\u5bb6\u306e\u60aa\u5fb3\u9818\u4e3b!","name_cn":"\u6211\u662f\u661f\u9645\u56fd\u5bb6\u7684\u6076\u5fb7\u9886\u4e3b\uff01","summary":"","air_date":"2025-04-05","air_weekday":6,"rating":{"total":381,"count":{"10":6,"9":3,"8":9,"7":38,"6":86,"5":85,"4":61,"3":23,"2":21,"1":49},"score":4.6},"rank":9081,"images":{"large":"http:\/\/lain.bgm.tv\/pic\/cover\/l\/26\/c8\/520645_4Z737.jpg","common":"http:\/\/lain.bgm.tv\/pic\/cover\/c\/26\/c8\/520645_4Z737.jpg","medium":"http:\/\/lain.bgm.tv\/pic\/cover\/m\/26\/c8\/520645_4Z737.jpg","small":"http:\/\/lain.bgm.tv\/pic\/cover\/s\/26\/c8\/520645_4Z737.jpg","grid":"http:\/\/lain.bgm.tv\/pic\/cover\/g\/26\/c8\/520645_4Z737.jpg"},"collection":{"doing":1153}},{"id":524801,"url":"http:\/\/bgm.tv\/subject\/524801","type":2,"name":"\u30a2\u30f3\u30fb\u30b7\u30e3\u30fc\u30ea\u30fc","name_cn":"\u5b89\u59ae\u00b7\u96ea\u8389","summary":"","air_date":"2025-04-05","air_weekday":6,"rating":{"total":526,"count":{"10":13,"9":19,"8":148,"7":237,"6":77,"5":20,"4":5,"3":3,"2":1,"1":3},"score":7.1},"rank":2093,"images":{"large":"http:\/\/lain.bgm.tv\/pic\/cover\/l\/2c\/d5\/524801_p2OVT.jpg","common":"http:\/\/lain.bgm.tv\/pic\/cover\/c\/2c\/d5\/524801_p2OVT.jpg","medium":"http:\/\/lain.bgm.tv\/pic\/cover\/m\/2c\/d5\/524801_p2OVT.jpg","small":"http:\/\/lain.bgm.tv\/pic\/cover\/s\/2c\/d5\/524801_p2OVT.jpg","grid":"http:\/\/lain.bgm.tv\/pic\/cover\/g\/2c\/d5\/524801_p2OVT.jpg"},"collection":{"doing":1728}},{"id":526567,"url":"http:\/\/bgm.tv\/subject\/526567","type":2,"name":"\u30ae\u30e3\u30b0\u30de\u30f3\u30ac\u65e5\u548cGO","name_cn":"\u641e\u7b11\u6f2b\u753b\u65e5\u548cGO","summary":"","air_date":"2025-04-05","air_weekday":6,"rating":{"total":424,"count":{"10":5,"9":6,"8":36,"7":167,"6":160,"5":39,"4":6,"3":1,"2":1,"1":3},"score":6.5},"rank":4917,"images":{"large":"http:\/\/lain.bgm.tv\/pic\/cover\/l\/b6\/dc\/526567_5rTtj.jpg","common":"http:\/\/lain.bgm.tv\/pic\/cover\/c\/b6\/dc\/526567_5rTtj.jpg","medium":"http:\/\/lain.bgm.tv\/pic\/cover\/m\/b6\/dc\/526567_5rTtj.jpg","small":"http:\/\/lain.bgm.tv\/pic\/cover\/s\/b6\/dc\/526567_5rTtj.jpg","grid":"http:\/\/lain.bgm.tv\/pic\/cover\/g\/b6\/dc\/526567_5rTtj.jpg"},"collection":{"doing":1985}},{"id":529240,"url":"http:\/\/bgm.tv\/subject\/529240","type":2,"name":"\u304a\u3057\u308a\u305f\u3093\u3066\u3044 \u7b2c9\u30b7\u30ea\u30fc\u30ba","name_cn":"\u5c41\u5c41\u4fa6\u63a2 \u7b2c\u4e5d\u5b63","summary":"","air_date":"2025-04-05","air_weekday":6,"images":{"large":"http:\/\/lain.bgm.tv\/pic\/cover\/l\/90\/30\/529240_RYTd1.jpg","common":"http:\/\/lain.bgm.tv\/pic\/cover\/c\/90\/30\/529240_RYTd1.jpg","medium":"http:\/\/lain.bgm.tv\/pic\/cover\/m\/90\/30\/529240_RYTd1.jpg","small":"http:\/\/lain.bgm.tv\/pic\/cover\/s\/90\/30\/529240_RYTd1.jpg","grid":"http:\/\/lain.bgm.tv\/pic\/cover\/g\/90\/30\/529240_RYTd1.jpg"},"collection":{"doing":2}},{"id":531159,"url":"http:\/\/bgm.tv\/subject\/531159","type":2,"name":"\u65e5\u3005\u306f\u904e\u304e\u308c\u3069\u98ef\u3046\u307e\u3057","name_cn":"\u65f6\u5149\u6d41\u901d\uff0c\u996d\u83dc\u4f9d\u65e7\u7f8e\u5473","summary":"","air_date":"2025-04-12","air_weekday":6,"rating":{"total":3238,"count":{"10":121,"9":385,"8":1752,"7":781,"6":156,"5":30,"4":6,"3":1,"2":2,"1":4},"score":7.8},"rank":409,"images":{"large":"http:\/\/lain.bgm.tv\/pic\/cover\/l\/d3\/5d\/531159_BayD9.jpg","common":"http:\/\/lain.bgm.tv\/pic\/cover\/c\/d3\/5d\/531159_BayD9.jpg","medium":"http:\/\/lain.bgm.tv\/pic\/cover\/m\/d3\/5d\/531159_BayD9.jpg","small":"http:\/\/lain.bgm.tv\/pic\/cover\/s\/d3\/5d\/531159_BayD9.jpg","grid":"http:\/\/lain.bgm.tv\/pic\/cover\/g\/d3\/5d\/531159_BayD9.jpg"},"collection":{"doing":11129}},{"id":541037,"url":"http:\/\/bgm.tv\/subject\/541037","type":2,"name":"SHIBUYA\u2661HACHI \u7b2c3\u30af\u30fc\u30eb","name_cn":"\u6da9\u8c37\u2661\u516b \u7b2c\u4e09\u90e8\u5206","summary":"","air_date":"2025-04-05","air_weekday":6,"rating":{"total":3,"count":{"10":0,"9":0,"8":0,"7":0,"6":0,"5":1,"4":1,"3":0,"2":0,"1":1},"score":3.3},"images":{"large":"http:\/\/lain.bgm.tv\/pic\/cover\/l\/43\/dd\/541037_P3MS3.jpg","common":"http:\/\/lain.bgm.tv\/pic\/cover\/c\/43\/dd\/541037_P3MS3.jpg","medium":"http:\/\/lain.bgm.tv\/pic\/cover\/m\/43\/dd\/541037_P3MS3.jpg","small":"http:\/\/lain.bgm.tv\/pic\/cover\/s\/43\/dd\/541037_P3MS3.jpg","grid":"http:\/\/lain.bgm.tv\/pic\/cover\/g\/43\/dd\/541037_P3MS3.jpg"},"collection":{"doing":5}},{"id":547738,"url":"http:\/\/bgm.tv\/subject\/547738","type":2,"name":"\u718a\u732b\u548c\u7518\u7c73\u718a","name_cn":"\u718a\u732b\u548c\u7518\u7c73\u718a","summary":"","air_date":"2025-04-05","air_weekday":6,"rating":{"total":1,"count":{"10":0,"9":0,"8":0,"7":0,"6":0,"5":0,"4":0,"3":0,"2":0,"1":1},"score":1},"images":{"large":"http:\/\/lain.bgm.tv\/pic\/cover\/l\/19\/c0\/547738_qDSL2.jpg","common":"http:\/\/lain.bgm.tv\/pic\/cover\/c\/19\/c0\/547738_qDSL2.jpg","medium":"http:\/\/lain.bgm.tv\/pic\/cover\/m\/19\/c0\/547738_qDSL2.jpg","small":"http:\/\/lain.bgm.tv\/pic\/cover\/s\/19\/c0\/547738_qDSL2.jpg","grid":"http:\/\/lain.bgm.tv\/pic\/cover\/g\/19\/c0\/547738_qDSL2.jpg"},"collection":{"doing":1}}]},{"weekday":{"en":"Sun","cn":"\u661f\u671f\u65e5","ja":"\u65e5\u8000\u65e5","id":7},"items":[{"id":405212,"url":"http:\/\/bgm.tv\/subject\/405212","type":2,"name":"\u51f8\u53d8\u82f1\u96c4X","name_cn":"","summary":"","air_date":"2025-04-06","air_weekday":7,"rating":{"total":637,"count":{"10":7,"9":11,"8":74,"7":213,"6":180,"5":70,"4":48,"3":11,"2":10,"1":13},"score":6.2},"rank":6343,"images":{"large":"http:\/\/lain.bgm.tv\/pic\/cover\/l\/9a\/37\/405212_2LgDe.jpg","common":"http:\/\/lain.bgm.tv\/pic\/cover\/c\/9a\/37\/405212_2LgDe.jpg","medium":"http:\/\/lain.bgm.tv\/pic\/cover\/m\/9a\/37\/405212_2LgDe.jpg","small":"http:\/\/lain.bgm.tv\/pic\/cover\/s\/9a\/37\/405212_2LgDe.jpg","grid":"http:\/\/lain.bgm.tv\/pic\/cover\/g\/9a\/37\/405212_2LgDe.jpg"},"collection":{"doing":1938}},{"id":446296,"url":"http:\/\/bgm.tv\/subject\/446296","type":2,"name":"LAZARUS","name_cn":"\u62c9\u6492\u8def","summary":"","air_date":"2025-04-06","air_weekday":7,"rating":{"total":2184,"count":{"10":24,"9":24,"8":179,"7":487,"6":681,"5":411,"4":212,"3":90,"2":39,"1":37},"score":5.8},"rank":7907,"images":{"large":"http:\/\/lain.bgm.tv\/pic\/cover\/l\/29\/22\/446296_rRM5n.jpg","common":"http:\/\/lain.bgm.tv\/pic\/cover\/c\/29\/22\/446296_rRM5n.jpg","medium":"http:\/\/lain.bgm.tv\/pic\/cover\/m\/29\/22\/446296_rRM5n.jpg","small":"http:\/\/lain.bgm.tv\/pic\/cover\/s\/29\/22\/446296_rRM5n.jpg","grid":"http:\/\/lain.bgm.tv\/pic\/cover\/g\/29\/22\/446296_rRM5n.jpg"},"collection":{"doing":6921}},{"id":493813,"url":"http:\/\/bgm.tv\/subject\/493813","type":2,"name":"\u304b\u304f\u3057\u3066! \u30de\u30ad\u30ca\u3055\u3093!!","name_cn":"\u5feb\u85cf\u8d77\u6765\uff01\u739b\u742a\u5a1c\u540c\u5b66!!","summary":"","air_date":"2025-04-06","air_weekday":7,"rating":{"total":546,"count":{"10":3,"9":6,"8":19,"7":86,"6":220,"5":139,"4":49,"3":11,"2":9,"1":4},"score":5.7},"rank":8005,"images":{"large":"http:\/\/lain.bgm.tv\/pic\/cover\/l\/a5\/6a\/493813_952oq.jpg","common":"http:\/\/lain.bgm.tv\/pic\/cover\/c\/a5\/6a\/493813_952oq.jpg","medium":"http:\/\/lain.bgm.tv\/pic\/cover\/m\/a5\/6a\/493813_952oq.jpg","small":"http:\/\/lain.bgm.tv\/pic\/cover\/s\/a5\/6a\/493813_952oq.jpg","grid":"http:\/\/lain.bgm.tv\/pic\/cover\/g\/a5\/6a\/493813_952oq.jpg"},"collection":{"doing":2248}},{"id":495633,"url":"http:\/\/bgm.tv\/subject\/495633","type":2,"name":"\u3084\u305f\u3089\u3084\u3089\u3057\u3044\u6df1\u898b\u304f\u3093","name_cn":"\u8fc7\u5206\u8272\u6c14\u7684\u6df1\u89c1\u541b","summary":"","air_date":"2025-04-06","air_weekday":7,"rating":{"total":24,"count":{"10":1,"9":1,"8":0,"7":2,"6":2,"5":11,"4":1,"3":3,"2":1,"1":2},"score":4.9},"images":{"large":"http:\/\/lain.bgm.tv\/pic\/cover\/l\/4e\/6d\/495633_ba3t0.jpg","common":"http:\/\/lain.bgm.tv\/pic\/cover\/c\/4e\/6d\/495633_ba3t0.jpg","medium":"http:\/\/lain.bgm.tv\/pic\/cover\/m\/4e\/6d\/495633_ba3t0.jpg","small":"http:\/\/lain.bgm.tv\/pic\/cover\/s\/4e\/6d\/495633_ba3t0.jpg","grid":"http:\/\/lain.bgm.tv\/pic\/cover\/g\/4e\/6d\/495633_ba3t0.jpg"},"collection":{"doing":85}},{"id":499169,"url":"http:\/\/bgm.tv\/subject\/499169","type":2,"name":"\u30d7\u30ea\u30f3\u30bb\u30c3\u30b7\u30e7\u30f3\u30fb\u30aa\u30fc\u30b1\u30b9\u30c8\u30e9","name_cn":"\u516c\u4e3b\u7684\u7ba1\u5f26\u4e50\u56e2","summary":"","air_date":"2025-04-06","air_weekday":7,"rating":{"total":152,"count":{"10":2,"9":1,"8":6,"7":34,"6":48,"5":39,"4":13,"3":6,"2":0,"1":3},"score":5.7},"rank":7194,"images":{"large":"http:\/\/lain.bgm.tv\/pic\/cover\/l\/4c\/f7\/499169_Lq2RK.jpg","common":"http:\/\/lain.bgm.tv\/pic\/cover\/c\/4c\/f7\/499169_Lq2RK.jpg","medium":"http:\/\/lain.bgm.tv\/pic\/cover\/m\/4c\/f7\/499169_Lq2RK.jpg","small":"http:\/\/lain.bgm.tv\/pic\/cover\/s\/4c\/f7\/499169_Lq2RK.jpg","grid":"http:\/\/lain.bgm.tv\/pic\/cover\/g\/4c\/f7\/499169_Lq2RK.jpg"},"collection":{"doing":533}},{"id":501919,"url":"http:\/\/bgm.tv\/subject\/501919","type":2,"name":"\u6226\u968a\u5927\u5931\u683c 2nd season","name_cn":"\u6218\u961f\u5927\u5931\u683c \u7b2c\u4e8c\u5b63","summary":"","air_date":"2025-04-13","air_weekday":7,"rating":{"total":217,"count":{"10":2,"9":1,"8":7,"7":61,"6":103,"5":26,"4":14,"3":1,"2":0,"1":2},"score":6.1},"rank":6320,"images":{"large":"http:\/\/lain.bgm.tv\/pic\/cover\/l\/dc\/d6\/501919_4bF90.jpg","common":"http:\/\/lain.bgm.tv\/pic\/cover\/c\/dc\/d6\/501919_4bF90.jpg","medium":"http:\/\/lain.bgm.tv\/pic\/cover\/m\/dc\/d6\/501919_4bF90.jpg","small":"http:\/\/lain.bgm.tv\/pic\/cover\/s\/dc\/d6\/501919_4bF90.jpg","grid":"http:\/\/lain.bgm.tv\/pic\/cover\/g\/dc\/d6\/501919_4bF90.jpg"},"collection":{"doing":894}},{"id":506672,"url":"http:\/\/bgm.tv\/subject\/506672","type":2,"name":"\u30a6\u30a3\u30c3\u30c1\u30a6\u30a9\u30c3\u30c1","name_cn":"\u9b54\u5973\u4e0e\u4f7f\u9b54","summary":"","air_date":"2025-04-06","air_weekday":7,"rating":{"total":2547,"count":{"10":41,"9":77,"8":860,"7":1143,"6":317,"5":69,"4":21,"3":9,"2":2,"1":8},"score":7.2},"rank":1752,"images":{"large":"http:\/\/lain.bgm.tv\/pic\/cover\/l\/5e\/4f\/506672_K9EQT.jpg","common":"http:\/\/lain.bgm.tv\/pic\/cover\/c\/5e\/4f\/506672_K9EQT.jpg","medium":"http:\/\/lain.bgm.tv\/pic\/cover\/m\/5e\/4f\/506672_K9EQT.jpg","small":"http:\/\/lain.bgm.tv\/pic\/cover\/s\/5e\/4f\/506672_K9EQT.jpg","grid":"http:\/\/lain.bgm.tv\/pic\/cover\/g\/5e\/4f\/506672_K9EQT.jpg"},"collection":{"doing":8754}},{"id":509297,"url":"http:\/\/bgm.tv\/subject\/509297","type":2,"name":"\u30a6\u30de\u5a18 \u30b7\u30f3\u30c7\u30ec\u30e9\u30b0\u30ec\u30a4","name_cn":"\u8d5b\u9a6c\u5a18 \u82a6\u6bdb\u7070\u59d1\u5a18","summary":"","air_date":"2025-04-06","air_weekday":7,"rating":{"total":3275,"count":{"10":212,"9":457,"8":1780,"7":673,"6":112,"5":17,"4":8,"3":2,"2":5,"1":9},"score":7.9},"rank":276,"images":{"large":"http:\/\/lain.bgm.tv\/pic\/cover\/l\/9e\/fa\/509297_VQ3P9.jpg","common":"http:\/\/lain.bgm.tv\/pic\/cover\/c\/9e\/fa\/509297_VQ3P9.jpg","medium":"http:\/\/lain.bgm.tv\/pic\/cover\/m\/9e\/fa\/509297_VQ3P9.jpg","small":"http:\/\/lain.bgm.tv\/pic\/cover\/s\/9e\/fa\/509297_VQ3P9.jpg","grid":"http:\/\/lain.bgm.tv\/pic\/cover\/g\/9e\/fa\/509297_VQ3P9.jpg"},"collection":{"doing":10609}},{"id":511207,"url":"http:\/\/bgm.tv\/subject\/511207","type":2,"name":"\u524d\u6a4b\u30a6\u30a3\u30c3\u30c1\u30fc\u30ba","name_cn":"\u524d\u6865\u9b54\u5973","summary":"","air_date":"2025-04-06","air_weekday":7,"rating":{"total":882,"count":{"10":38,"9":40,"8":180,"7":245,"6":172,"5":123,"4":47,"3":17,"2":14,"1":6},"score":6.6},"rank":4517,"images":{"large":"http:\/\/lain.bgm.tv\/pic\/cover\/l\/a8\/e1\/511207_gAoK3.jpg","common":"http:\/\/lain.bgm.tv\/pic\/cover\/c\/a8\/e1\/511207_gAoK3.jpg","medium":"http:\/\/lain.bgm.tv\/pic\/cover\/m\/a8\/e1\/511207_gAoK3.jpg","small":"http:\/\/lain.bgm.tv\/pic\/cover\/s\/a8\/e1\/511207_gAoK3.jpg","grid":"http:\/\/lain.bgm.tv\/pic\/cover\/g\/a8\/e1\/511207_gAoK3.jpg"},"collection":{"doing":2354}},{"id":511264,"url":"http:\/\/bgm.tv\/subject\/511264","type":2,"name":"\u3061\u3087\u3063\u3068\u3060\u3051\u611b\u304c\u91cd\u3044\u30c0\u30fc\u30af\u30a8\u30eb\u30d5\u304c\u7570\u4e16\u754c\u304b\u3089\u8ffd\u3044\u304b\u3051\u3066\u304d\u305f","name_cn":"\u7231\u6709\u4e9b\u6c89\u91cd\u7684\u9ed1\u6697\u7cbe\u7075\u4ece\u5f02\u4e16\u754c\u8ffd\u8fc7\u6765\u4e86","summary":"","air_date":"2025-04-06","air_weekday":7,"rating":{"total":329,"count":{"10":3,"9":2,"8":3,"7":5,"6":49,"5":108,"4":96,"3":38,"2":16,"1":9},"score":4.5},"rank":9111,"images":{"large":"http:\/\/lain.bgm.tv\/pic\/cover\/l\/b9\/9d\/511264_vKmZ4.jpg","common":"http:\/\/lain.bgm.tv\/pic\/cover\/c\/b9\/9d\/511264_vKmZ4.jpg","medium":"http:\/\/lain.bgm.tv\/pic\/cover\/m\/b9\/9d\/511264_vKmZ4.jpg","small":"http:\/\/lain.bgm.tv\/pic\/cover\/s\/b9\/9d\/511264_vKmZ4.jpg","grid":"http:\/\/lain.bgm.tv\/pic\/cover\/g\/b9\/9d\/511264_vKmZ4.jpg"},"collection":{"doing":1097}},{"id":514997,"url":"http:\/\/bgm.tv\/subject\/514997","type":2,"name":"\u30b4\u30ea\u30e9\u306e\u795e\u304b\u3089\u52a0\u8b77\u3055\u308c\u305f\u4ee4\u5b22\u306f\u738b\u7acb\u9a0e\u58eb\u56e3\u3067\u53ef\u611b\u304c\u3089\u308c\u308b","name_cn":"\u53d7\u5230\u7329\u7329\u4e4b\u795e\u5e87\u62a4\u7684\u5927\u5c0f\u59d0\u5728\u7687\u5bb6\u9a91\u58eb\u56e2\u53d7\u5230\u5ba0\u7231","summary":"","air_date":"2025-04-06","air_weekday":7,"rating":{"total":167,"count":{"10":2,"9":2,"8":2,"7":8,"6":40,"5":57,"4":30,"3":14,"2":8,"1":4},"score":4.9},"rank":8724,"images":{"large":"http:\/\/lain.bgm.tv\/pic\/cover\/l\/3b\/cb\/514997_MQGnm.jpg","common":"http:\/\/lain.bgm.tv\/pic\/cover\/c\/3b\/cb\/514997_MQGnm.jpg","medium":"http:\/\/lain.bgm.tv\/pic\/cover\/m\/3b\/cb\/514997_MQGnm.jpg","small":"http:\/\/lain.bgm.tv\/pic\/cover\/s\/3b\/cb\/514997_MQGnm.jpg","grid":"http:\/\/lain.bgm.tv\/pic\/cover\/g\/3b\/cb\/514997_MQGnm.jpg"},"collection":{"doing":418}},{"id":520284,"url":"http:\/\/bgm.tv\/subject\/520284","type":2,"name":"\u52d8\u9055\u3044\u306e\u5de5\u623f\u4e3b\uff5e\u82f1\u96c4\u30d1\u30fc\u30c6\u30a3\u306e\u5143\u96d1\u7528\u4fc2\u304c\u3001\u5b9f\u306f\u6226\u95d8\u4ee5\u5916\u304cSSS\u30e9\u30f3\u30af\u3060\u3063\u305f\u3068\u3044\u3046\u3088\u304f\u3042\u308b\u8a71\uff5e","name_cn":"\u5e72\u6742\u6d3b\u6211\u4e43\u6700\u5f3a\uff5e\u5173\u4e8e\u539f\u82f1\u96c4\u961f\u4f0d\u7684\u6742\u5f79\u4eba\u5458\uff0c\u5b9e\u9645\u4e0a\u9664\u4e86\u6218\u6597\u80fd\u529b\u5916\u5168\u662fSSS\u7684\u6545\u4e8b\uff5e","summary":"","air_date":"2025-04-06","air_weekday":7,"rating":{"total":339,"count":{"10":5,"9":2,"8":5,"7":27,"6":93,"5":104,"4":55,"3":23,"2":16,"1":9},"score":5},"rank":8833,"images":{"large":"http:\/\/lain.bgm.tv\/pic\/cover\/l\/3e\/bd\/520284_dwMKR.jpg","common":"http:\/\/lain.bgm.tv\/pic\/cover\/c\/3e\/bd\/520284_dwMKR.jpg","medium":"http:\/\/lain.bgm.tv\/pic\/cover\/m\/3e\/bd\/520284_dwMKR.jpg","small":"http:\/\/lain.bgm.tv\/pic\/cover\/s\/3e\/bd\/520284_dwMKR.jpg","grid":"http:\/\/lain.bgm.tv\/pic\/cover\/g\/3e\/bd\/520284_dwMKR.jpg"},"collection":{"doing":1043}},{"id":524365,"url":"http:\/\/bgm.tv\/subject\/524365","type":2,"name":"\u3072\u307f\u3064\u306e\u30a2\u30a4\u30d7\u30ea \u30ea\u30f3\u30b0\u7de8","name_cn":"\u79d8\u5bc6\u7684\u5076\u50cf\u516c\u4e3b RING\u7bc7","summary":"","air_date":"2025-04-06","air_weekday":7,"rating":{"total":23,"count":{"10":2,"9":1,"8":4,"7":1,"6":5,"5":6,"4":1,"3":2,"2":0,"1":1},"score":6},"images":{"large":"http:\/\/lain.bgm.tv\/pic\/cover\/l\/28\/25\/524365_8izj6.jpg","common":"http:\/\/lain.bgm.tv\/pic\/cover\/c\/28\/25\/524365_8izj6.jpg","medium":"http:\/\/lain.bgm.tv\/pic\/cover\/m\/28\/25\/524365_8izj6.jpg","small":"http:\/\/lain.bgm.tv\/pic\/cover\/s\/28\/25\/524365_8izj6.jpg","grid":"http:\/\/lain.bgm.tv\/pic\/cover\/g\/28\/25\/524365_8izj6.jpg"},"collection":{"doing":86}},{"id":529143,"url":"http:\/\/bgm.tv\/subject\/529143","type":2,"name":"\u30b3\u30a6\u30da\u30f3\u3061\u3083\u3093","name_cn":"\u6b63\u80fd\u91cf\u4f01\u9e45","summary":"","air_date":"2025-04-06","air_weekday":7,"rating":{"total":32,"count":{"10":1,"9":1,"8":2,"7":6,"6":6,"5":15,"4":0,"3":0,"2":0,"1":1},"score":5.9},"images":{"large":"http:\/\/lain.bgm.tv\/pic\/cover\/l\/8e\/b6\/529143_xszzx.jpg","common":"http:\/\/lain.bgm.tv\/pic\/cover\/c\/8e\/b6\/529143_xszzx.jpg","medium":"http:\/\/lain.bgm.tv\/pic\/cover\/m\/8e\/b6\/529143_xszzx.jpg","small":"http:\/\/lain.bgm.tv\/pic\/cover\/s\/8e\/b6\/529143_xszzx.jpg","grid":"http:\/\/lain.bgm.tv\/pic\/cover\/g\/8e\/b6\/529143_xszzx.jpg"},"collection":{"doing":71}},{"id":530309,"url":"http:\/\/bgm.tv\/subject\/530309","type":2,"name":"\u6700\u5f37\u738b\u56f3\u9451 \uff5eThe Ultimate Tournament\uff5e","name_cn":"\u6700\u5f3a\u738b\u56fe\u9274 \uff5eThe Ultimate Tournament\uff5e","summary":"","air_date":"2025-04-06","air_weekday":7,"rating":{"total":5,"count":{"10":1,"9":1,"8":0,"7":0,"6":0,"5":1,"4":1,"3":0,"2":0,"1":1},"score":5.8},"images":{"large":"http:\/\/lain.bgm.tv\/pic\/cover\/l\/2c\/e5\/530309_D7Q77.jpg","common":"http:\/\/lain.bgm.tv\/pic\/cover\/c\/2c\/e5\/530309_D7Q77.jpg","medium":"http:\/\/lain.bgm.tv\/pic\/cover\/m\/2c\/e5\/530309_D7Q77.jpg","small":"http:\/\/lain.bgm.tv\/pic\/cover\/s\/2c\/e5\/530309_D7Q77.jpg","grid":"http:\/\/lain.bgm.tv\/pic\/cover\/g\/2c\/e5\/530309_D7Q77.jpg"},"collection":{"doing":6}},{"id":535077,"url":"http:\/\/bgm.tv\/subject\/535077","type":2,"name":"\u7267\u795e\u8bb02","name_cn":"","summary":"","air_date":"2025-04-20","air_weekday":7,"rating":{"total":44,"count":{"10":2,"9":1,"8":5,"7":15,"6":13,"5":3,"4":1,"3":2,"2":1,"1":1},"score":6.4},"images":{"large":"http:\/\/lain.bgm.tv\/pic\/cover\/l\/74\/29\/535077_Fdbd5.jpg","common":"http:\/\/lain.bgm.tv\/pic\/cover\/c\/74\/29\/535077_Fdbd5.jpg","medium":"http:\/\/lain.bgm.tv\/pic\/cover\/m\/74\/29\/535077_Fdbd5.jpg","small":"http:\/\/lain.bgm.tv\/pic\/cover\/s\/74\/29\/535077_Fdbd5.jpg","grid":"http:\/\/lain.bgm.tv\/pic\/cover\/g\/74\/29\/535077_Fdbd5.jpg"},"collection":{"doing":206}},{"id":541942,"url":"http:\/\/bgm.tv\/subject\/541942","type":2,"name":"\u305f\u307e\u3089\u306a\u3044\u306e\u306f\u604b\u306a\u306e\u304b","name_cn":"\u65e0\u6cd5\u6291\u5236\u4e4b\u60c5\u662f\u5426\u5524\u4f5c\u7231","summary":"","air_date":"2025-04-06","air_weekday":7,"rating":{"total":63,"count":{"10":3,"9":1,"8":2,"7":3,"6":18,"5":24,"4":6,"3":2,"2":1,"1":3},"score":5.4},"rank":6933,"images":{"large":"http:\/\/lain.bgm.tv\/pic\/cover\/l\/ea\/dd\/541942_cz15r.jpg","common":"http:\/\/lain.bgm.tv\/pic\/cover\/c\/ea\/dd\/541942_cz15r.jpg","medium":"http:\/\/lain.bgm.tv\/pic\/cover\/m\/ea\/dd\/541942_cz15r.jpg","small":"http:\/\/lain.bgm.tv\/pic\/cover\/s\/ea\/dd\/541942_cz15r.jpg","grid":"http:\/\/lain.bgm.tv\/pic\/cover\/g\/ea\/dd\/541942_cz15r.jpg"},"collection":{"doing":15}},{"id":548513,"url":"http:\/\/bgm.tv\/subject\/548513","type":2,"name":"\u80a5\u5fd7\u767e\u79d1 \u7b2c12\u5b63","name_cn":"","summary":"","air_date":"2025-04-06","air_weekday":7,"rating":{"total":1,"count":{"10":0,"9":0,"8":0,"7":0,"6":0,"5":0,"4":0,"3":0,"2":0,"1":1},"score":1},"images":{"large":"http:\/\/lain.bgm.tv\/pic\/cover\/l\/12\/00\/548513_Z9HVG.jpg","common":"http:\/\/lain.bgm.tv\/pic\/cover\/c\/12\/00\/548513_Z9HVG.jpg","medium":"http:\/\/lain.bgm.tv\/pic\/cover\/m\/12\/00\/548513_Z9HVG.jpg","small":"http:\/\/lain.bgm.tv\/pic\/cover\/s\/12\/00\/548513_Z9HVG.jpg","grid":"http:\/\/lain.bgm.tv\/pic\/cover\/g\/12\/00\/548513_Z9HVG.jpg"},"collection":{"doing":2}},{"id":550487,"url":"http:\/\/bgm.tv\/subject\/550487","type":2,"name":"\u30b4\u30fc\uff01\u30b4\u2015\uff01\u3073\u30fc\u304f\u308b\u305a\u30fc \u306e\u308a\u3082\u306e\u30b9\u30bf\u30fc\u7de8","name_cn":"Go! Go! Vehicle Zoo \u4ea4\u901a\u5de5\u5177\u660e\u661f\u7bc7","summary":"","air_date":"2025-04-06","air_weekday":7,"rating":{"total":1,"count":{"10":0,"9":0,"8":0,"7":0,"6":0,"5":1,"4":0,"3":0,"2":0,"1":0},"score":5},"images":{"large":"http:\/\/lain.bgm.tv\/pic\/cover\/l\/5d\/95\/550487_1H1fh.jpg","common":"http:\/\/lain.bgm.tv\/pic\/cover\/c\/5d\/95\/550487_1H1fh.jpg","medium":"http:\/\/lain.bgm.tv\/pic\/cover\/m\/5d\/95\/550487_1H1fh.jpg","small":"http:\/\/lain.bgm.tv\/pic\/cover\/s\/5d\/95\/550487_1H1fh.jpg","grid":"http:\/\/lain.bgm.tv\/pic\/cover\/g\/5d\/95\/550487_1H1fh.jpg"},"collection":{"doing":3}},{"id":553356,"url":"http:\/\/bgm.tv\/subject\/553356","type":2,"name":"ALICE IN DREAMS: The White Rabbit","name_cn":"\u7231\u4e3d\u4e1d\u68a6\u6e38\u4ed9\u5883\uff1a\u767d\u5154","summary":"","air_date":"2025-04-06","air_weekday":7,"rating":{"total":5,"count":{"10":0,"9":0,"8":1,"7":1,"6":1,"5":2,"4":0,"3":0,"2":0,"1":0},"score":6.2},"images":{"large":"http:\/\/lain.bgm.tv\/pic\/cover\/l\/e8\/a0\/553356_2PAah.jpg","common":"http:\/\/lain.bgm.tv\/pic\/cover\/c\/e8\/a0\/553356_2PAah.jpg","medium":"http:\/\/lain.bgm.tv\/pic\/cover\/m\/e8\/a0\/553356_2PAah.jpg","small":"http:\/\/lain.bgm.tv\/pic\/cover\/s\/e8\/a0\/553356_2PAah.jpg","grid":"http:\/\/lain.bgm.tv\/pic\/cover\/g\/e8\/a0\/553356_2PAah.jpg"},"collection":{"doing":1}}]}]